,cpu_time_diff_ms,sys_time_diff_ms,rss_diff_kb,pagefault_soft_diff,pagefault_hard_diff,ctx_voluntary_diff,ctx_involuntary_diff,bpe_time_us,output_size_bytes,instructions,cpu_cycles,branch_instructions,branch_misses,l1d_access,l1d_miss,l3_access,l3_miss
run_1,69.594,8.015,18896,6265,0,1,8,,,237273881,116893883,21916829,198761,35685953,1406194,359654,28896
run_2,57.29600000000002,4.066000000000001,0,3046,0,0,6,,,152390747,96669216,22484670,276367,55831345,1681870,267324,794
run_3,63.99699999999996,0.0,0,2652,0,0,6,,,157229031,95731638,22554220,230169,55930619,1654395,268323,3932
run_4,58.235000000000014,7.907,0,2690,0,0,7,,,188695040,102958824,19579388,194362,48696270,1886273,289521,7015
run_5,54.18300000000005,7.869999999999997,0,2615,0,0,7,,,158614850,94577980,21842394,228712,56153559,1990104,344941,1058
run_6,56.63900000000001,4.042000000000002,0,2783,0,0,6,,,151887748,100021462,22837189,277781,55911401,1651939,273537,824
run_7,63.71899999999994,0.0,0,2721,0,0,9,,,195646040,98015337,19417036,187959,47563141,1911111,290293,3672
run_8,62.05200000000002,0.0,0,2718,0,0,7,,,162324689,97978358,21569643,253051,55924264,1925360,322417,1401
run_9,56.68100000000004,3.9440000000000026,0,2721,0,0,7,,,180339687,93145452,19424932,197476,51752015,1873341,288491,1103
run_10,60.638000000000034,3.8089999999999975,0,2720,0,0,7,,,194951735,99594793,19306895,184045,48472244,1909083,293447,4764
run_11,62.21500000000003,0.0,0,2724,0,0,6,,,159933075,99090744,22234210,256457,55989928,1884750,332310,955
run_12,64.63700000000006,0.0009999999999976694,0,2722,0,0,6,,,174001429,100721071,20317625,211629,53153453,1960915,323585,5817
run_13,55.16700000000003,7.913999999999994,0,2717,0,0,6,,,184072327,98208070,19686473,201663,51161844,2127882,355246,1400
run_14,60.71199999999999,4.0319999999999965,0,2718,0,0,6,,,201725954,100714114,19528396,184080,46522208,2149927,349386,4116
run_15,61.58999999999992,3.863999999999997,0,2737,0,0,7,,,184136557,102421737,19639377,193554,49631946,1884636,285448,8149
run_16,62.77999999999997,3.929000000000002,8,2706,0,0,8,,,172446985,102039618,19590720,203043,50661935,1873228,289797,10290
run_17,54.86000000000013,11.848000000000006,0,2737,0,0,6,,,187332793,104137258,19490984,190155,48934391,2144070,353035,8472
run_18,57.66000000000008,7.804999999999993,0,2721,0,0,7,,,179089190,102165604,19658972,194217,50545770,2071973,335003,8456
run_19,65.15000000000009,0.117999999999995,0,2722,0,0,8,,,171701273,99626356,20440720,207891,52555185,1753743,271187,7248
run_20,61.75999999999999,4.108999999999995,0,2724,0,0,7,,,196237347,102229411,20779728,183135,46662571,2116615,353938,8553
run_21,58.909999999999854,7.896999999999991,0,2721,0,0,6,,,199076903,104140074,20887870,182850,46366305,2049836,363786,7416
run_22,57.75,8.086000000000013,0,2719,0,0,6,,,196244626,102206479,20537990,180705,46891463,1870615,291537,9167
run_23,58.450000000000045,3.8940000000000055,0,2720,0,0,7,,,175668299,95071365,19788124,204138,53798553,1840270,280983,2147
run_24,65.29999999999995,0.0,0,2722,0,0,6,,,191513861,101507273,19661147,195430,48454286,1909386,283644,5100
run_25,61.289999999999964,3.9470000000000027,0,2719,0,0,7,,,178519216,102275394,19699428,199784,50926391,2040538,335521,7800
run_26,55.37000000000012,7.924999999999997,0,2722,0,0,8,,,187710538,97909031,19625487,188961,48631836,2086839,330788,5835
run_27,58.66000000000008,7.876999999999995,0,2724,0,0,6,,,182220479,101909192,19468832,192008,49936376,1849243,296360,8204
run_28,58.99000000000001,7.897000000000006,0,2721,0,0,6,,,186334536,104039933,19442271,188727,49696985,1869801,300804,7703
run_29,59.11000000000013,7.903999999999996,0,2719,0,0,7,,,187093528,103527599,19285716,187930,49355099,1919735,308285,7062
run_30,61.690000000000055,3.8349999999999795,0,2721,0,0,8,,,183955300,100957663,19716268,193650,49670685,1879825,286699,8686
run_31,58.48000000000002,7.853000000000009,0,2720,0,0,8,,,182549099,101729424,19443332,195093,49957574,1855905,289612,7038
run_32,62.179999999999836,0.0,0,2721,0,0,5,,,162851220,98794019,21404774,255985,55901126,1713116,265161,1402
run_33,70.36999999999989,0.1349999999999909,0,2717,0,1,7,,,217304805,105096305,20200473,171800,39382456,1744659,278372,16866
run_34,64.51999999999998,0.07399999999998386,0,2723,0,0,7,,,199054725,99378536,20380277,177046,45824648,2101416,335407,7638
run_35,61.50999999999976,3.8319999999999936,0,2724,0,0,8,,,191475696,100531149,19681640,186769,48451807,1898384,287418,7804
run_36,65.4699999999998,0.13800000000000523,0,2721,0,0,6,,,178565586,101453292,19651557,199902,50958728,2073190,337104,8262
run_37,64.80999999999995,0.08699999999998909,0,2718,0,0,8,,,171025635,100770670,21170709,214958,53827349,1726425,273051,8039
run_38,56.75,7.751000000000005,0,2722,0,0,8,,,190814897,99990046,19735182,193894,48501075,2128628,339828,7153
run_39,64.83999999999969,0.09100000000000819,0,2722,0,0,7,,,169578478,99368779,20755077,213165,52566421,2003276,330823,9075
run_40,58.58999999999969,8.137999999999977,0,2719,0,0,6,,,204704144,103252910,21562003,180676,44982683,1994175,357009,7653
run_41,62.070000000000164,4.13900000000001,0,2720,0,0,6,,,202271621,102026355,21377214,177439,45497191,2008869,353092,8217
run_42,57.23000000000002,8.060000000000002,0,2722,0,0,7,,,192844928,100499066,20254235,184866,47460917,2121237,338940,8772
run_43,53.909999999999854,11.807999999999993,0,2724,0,0,6,,,190026696,101450894,19775691,188124,48434741,1890772,281814,7718
run_44,61.309999999999945,4.093999999999994,0,2720,0,0,7,,,180532221,103525995,19800753,201992,50836379,1834203,286082,8102
run_45,62.5300000000002,3.907999999999987,0,2720,0,0,6,,,177685129,103581356,19946900,199992,50926302,2021176,337101,8565
run_46,61.92000000000007,3.7439999999999998,0,2722,0,0,6,,,167572351,102397565,21916615,218544,52328977,1950886,353363,9104
run_47,62.48999999999978,4.178000000000026,0,2721,0,0,6,,,205433053,104022627,21711794,178843,44620496,1723707,299152,7957
run_48,61.19999999999982,4.086000000000013,0,2721,0,0,8,,,196365295,102273325,20861894,185753,46678600,2107535,339459,8732
run_49,61.34999999999991,3.8160000000000025,0,2719,0,0,6,,,192971863,101955383,19696242,190518,48170524,1889615,284412,7535
run_50,57.179999999999836,8.062999999999988,0,2724,0,0,7,,,181666834,101206178,19670727,193233,50377979,2074057,334555,7293
run_51,61.659999999999854,4.121000000000009,0,2724,0,0,7,,,204297395,102778353,21404905,176278,44797301,1747398,294514,7356
run_52,61.48000000000002,4.106999999999999,0,2719,0,0,7,,,198174906,104568866,20885436,189149,46592130,1864374,293153,9044
run_53,61.79999999999973,0.0,0,2719,0,0,8,,,175631457,95544155,19954766,205970,54652888,2024669,333263,2106
run_54,64.97000000000025,0.0,0,2722,0,0,7,,,185883178,101326683,19644581,194128,49558834,2132980,343160,4718
run_55,60.460000000000036,3.7190000000000225,0,2721,0,0,7,,,163508567,100089772,22769675,226320,55447810,1681152,280985,7124
run_56,62.83000000000038,3.9220000000000255,0,2720,0,0,7,,,196892261,103563468,20794886,186983,47014345,1853473,291789,8666
run_57,62.470000000000255,3.8959999999999866,0,2720,0,0,6,,,194330625,104527099,20946226,187021,47147683,2074383,347598,9208
run_58,59.190000000000055,7.922999999999973,0,2721,0,0,8,,,200766628,103795179,20907240,179837,46315112,1786003,303906,8924
run_59,62.679999999999836,4.187999999999988,0,2723,0,0,8,,,207374271,105290992,21798192,172877,44603210,1727009,303633,8992
run_60,66.55999999999995,0.19600000000002638,0,2720,0,0,5,,,207836183,104391930,21471216,176223,44193589,1992211,360041,8684
run_61,58.49000000000024,4.169999999999959,0,2720,0,0,5,,,157991248,99699907,22463409,276976,56116570,1668773,270780,1491
run_62,64.47999999999956,0.04600000000004911,0,2722,0,0,6,,,171663162,98777031,20385589,214294,54166131,1979770,331981,3642
run_63,61.29999999999973,3.81899999999996,0,2721,0,0,7,,,188835365,101314451,19836390,193299,48714731,1898691,288777,7914
run_64,61.73000000000002,0.12899999999996226,0,2716,0,0,7,,,162692551,98938329,21443344,260428,55591715,1918487,322924,1113
run_65,55.92000000000007,7.636000000000024,0,2721,0,0,6,,,167689170,98313992,21262326,217579,55904376,1692078,265282,5125
run_66,57.900000000000546,3.858000000000004,0,2723,0,0,7,,,162511334,96768525,21047651,223256,55888381,1737278,268281,1123
run_67,64.35000000000036,0.04199999999997317,0,2721,0,0,6,,,174877156,100473559,20344793,209291,53303599,1767789,274303,6682
run_68,65.55000000000018,0.0,0,2718,0,0,6,,,193584138,101762404,19685736,187645,48046612,1912942,296435,6916
run_69,62.6299999999992,0.0,0,2720,0,0,7,,,170585559,95870900,19808723,211138,54693422,2033502,326500,797
run_70,60.75,3.8489999999999895,0,2722,0,0,6,,,185812189,100404257,19794309,199942,50166014,1880207,282852,5475
run_71,62.339999999999236,0.16599999999999682,0,2722,0,0,6,,,158583260,99220332,22979930,273340,56444171,1683919,277424,900
run_72,60.31999999999971,4.018999999999949,0,2718,0,0,6,,,171275650,99724729,21117536,219085,54595760,1946008,330173,3897
run_73,53.05000000000018,7.791999999999973,0,2717,0,0,7,,,166324361,95821537,20098733,242072,55283645,1782883,259836,850
run_74,64.32999999999993,0.040000000000020464,0,2723,0,0,6,,,171359810,98617305,20390750,208344,53865048,1747008,266261,5296
run_75,62.6899999999996,3.91700000000003,0,2719,0,0,7,,,195861017,104291706,20877685,186075,47440577,1841573,300627,8729
run_76,66.72000000000025,0.0,0,2718,0,0,7,,,198310888,104127278,20847258,181224,46405861,1798392,294942,7002
run_77,66.44000000000051,0.0,0,2721,0,0,7,,,197665086,102029743,20951160,184742,46320336,1802570,294777,7604
run_78,62.75,3.798000000000002,0,2722,0,0,7,,,199636803,104036808,21039395,182281,45985981,2050452,348204,7023
run_79,65.53999999999996,0.0,0,2722,0,0,6,,,195501268,102481647,19707872,187934,47324743,2136754,344645,7791
run_80,62.82999999999993,3.8040000000000305,0,2719,0,0,8,,,194834014,102567261,20036964,188400,47878883,1904818,299908,7757
run_81,57.3700000000008,7.812000000000012,0,2719,0,0,7,,,185055547,99773895,19548179,190278,49469725,1889161,284650,7220
run_82,61.86000000000058,4.1129999999999995,0,2723,0,0,8,,,178602359,101525645,19629859,199529,50989136,1815141,274679,7589
run_83,58.970000000000255,3.933999999999969,0,2719,0,0,7,,,161311193,99693638,22507847,237068,56242266,1908376,337048,785
run_84,63.63000000000011,0.0010000000000331966,0,2719,0,0,6,,,170291168,97061653,20325872,210345,55131735,1970884,325538,2792
run_85,60.67000000000007,4.038999999999987,0,2717,0,0,6,,,175236016,99564074,19173791,202535,50949302,2107438,349990,8637
run_86,65.46000000000004,0.11000000000001364,0,2721,0,0,6,,,204929377,103451186,21007155,177685,44853058,1760118,296614,7901
run_87,61.44999999999982,4.086000000000013,0,2717,0,0,6,,,188671245,100341272,20190838,186113,48207857,2136772,351403,8868
run_88,57.6899999999996,7.835999999999956,0,2718,0,0,8,,,196082720,101652675,19407150,185980,47679519,1899133,283550,8112
run_89,55.399999999999636,7.9389999999999645,0,2723,0,0,6,,,175486788,95860244,19763701,203295,53648182,2045544,336485,1053
run_90,60.10999999999967,4.0049999999999955,0,2724,0,0,8,,,188717601,98047859,19732773,191375,49922918,2114047,342475,3640
run_91,62.039999999999964,0.1449999999999818,0,2720,0,0,7,,,188903866,96299001,19566826,192285,49006029,2145547,346354,1139
run_92,55.93000000000029,7.9739999999999895,0,2719,0,0,7,,,201379077,99046211,19267921,181434,46333768,2130583,339051,3940
run_93,65.34999999999945,0.10099999999999909,0,2720,0,0,7,,,178865209,101842251,19648906,198270,50615757,2066708,339162,8571
run_94,61.48999999999978,0.0,0,2722,0,0,6,,,152964918,101600206,22567736,277371,55880729,1664736,270419,526
run_95,55.88000000000011,7.847000000000037,0,2718,0,0,7,,,193339236,99556540,19454778,186052,48266194,1896424,283926,6665
run_96,62.25,0.0,0,2723,0,0,5,,,163182656,98348839,21365640,235456,55827090,1915924,325589,966
run_97,64.47999999999956,0.0,0,2723,0,0,7,,,175878557,99355697,19798959,208802,53188821,1967865,327908,5100
run_98,64.77000000000044,0.0,0,2723,0,0,9,,,192879709,101834256,19913162,191269,48378474,1891655,284572,7812
run_99,62.64000000000033,3.7199999999999704,0,2718,0,0,7,,,172745709,103163858,19928496,206634,51008037,2116145,343966,12537
run_100,58.25,7.8700000000000045,0,2718,0,0,7,,,181769606,101695591,19495529,193339,50137257,2078578,346227,8119
run_101,61.5,4.088999999999999,0,2722,0,0,6,,,178061141,102368974,19920764,202622,51670780,1777446,269168,6885
run_102,61.8799999999992,4.1129999999999995,0,2721,0,0,7,,,199753681,102574290,21062089,181881,45716454,1785849,303300,8441
run_103,65.38999999999942,0.10300000000000864,0,2720,0,0,6,,,195244621,103147620,19953852,187070,47402131,2123432,338955,7927
run_104,61.48999999999978,3.848000000000013,0,2722,0,0,7,,,188353504,102492549,19715711,185077,48664571,2107136,339771,7990
run_105,61.32999999999993,4.078000000000031,0,2724,0,0,7,,,178778672,102817881,19716222,198708,51065031,1795543,275504,7991
run_106,63.13999999999942,0.0,0,2722,0,0,7,,,190697117,96687417,19425627,192352,48101845,2162538,346276,1622
run_107,61.60999999999967,4.066000000000031,0,2720,0,0,6,,,177871118,102115769,19746303,201921,51310142,2058900,334146,5594
run_108,61.50999999999931,4.088999999999999,0,2717,0,0,7,,,173464183,101494703,20674241,212058,52448556,1741335,269678,8194
run_109,61.97999999999956,0.1330000000000382,0,2719,0,0,7,,,181490191,95063419,19868045,200013,51740474,1859808,280711,1441
run_110,56.26000000000022,7.762999999999977,0,2719,0,0,6,,,193739903,99718762,19454785,193817,48807543,2126278,340879,5465
run_111,58.210000000000036,4.128999999999962,0,2720,0,0,6,,,160407165,99821014,22482487,267592,56194928,1669632,271584,1926
run_112,64.35999999999967,0.03700000000003456,0,2722,0,0,9,,,201227246,99702982,20620695,178485,46158863,1867832,292460,7015
run_113,61.57000000000062,3.853999999999985,0,2723,0,0,8,,,187790551,101529591,19737026,187548,48556796,1887947,288806,7494
run_114,62.599999999999454,3.91700000000003,0,2720,0,0,8,,,184508472,103826509,19563399,195797,49568456,2154894,352680,8492
run_115,57.80000000000018,7.848000000000013,0,2716,0,0,7,,,179534975,101991014,19582840,196225,50489068,1842480,287138,7396
run_116,65.95000000000073,0.13400000000001455,0,2721,0,0,7,,,179077911,100785464,19514122,204029,51085983,1812098,281100,7289
run_117,61.279999999999745,4.074999999999989,0,2721,0,0,6,,,196472655,102150595,20589594,178412,46755777,2056461,371290,8797
run_118,66.27000000000044,0.14999999999997726,0,2720,0,0,6,,,199294387,102751086,21059701,180530,45859788,2043265,354837,7851
run_119,61.57999999999993,4.0919999999999845,0,2717,0,0,6,,,198683190,102504047,20812987,181689,46230152,2107087,344476,7074
run_120,61.220000000000255,3.8350000000000364,0,2724,0,0,7,,,187400879,99639466,19738876,187838,48932275,1896315,279317,7314
run_121,57.599999999999454,8.077999999999975,0,2723,0,0,7,,,180042881,100441879,19545183,197572,50807629,1845989,291462,7172
run_122,66.38000000000011,0.15500000000002956,0,2719,0,0,6,,,178750508,104032428,20122839,206482,51018673,2043298,343142,7890
run_123,65.25,0.08600000000001273,0,2716,0,0,7,,,173680609,101326422,20587322,206969,52395790,1731418,267849,7670
run_124,56.76000000000022,8.031000000000006,0,2719,0,0,6,,,191741230,101336584,19585033,189581,47857384,2132804,342249,7319
run_125,58.100000000000364,7.8729999999999905,0,2722,0,0,6,,,186002534,101967383,19681596,193957,49263474,2145513,346033,7507
run_126,62.590000000000146,0.0,0,2720,0,0,6,,,162005690,98084623,21712709,226591,55966690,1916757,326438,1240
run_127,64.96000000000004,0.0020000000000095497,0,2721,0,0,8,,,181421098,100848097,19591833,207345,51534407,2047563,341929,6376
run_128,67.46000000000004,4.204000000000008,0,2722,0,1,7,,,218243036,107398392,19094363,166954,37864435,1922630,337856,19193
run_129,61.77000000000044,0.0,0,2723,0,0,6,,,162232829,97200353,21379072,261273,55925686,1721763,269627,960
run_130,65.10000000000036,0.0,0,2719,0,0,8,,,173732790,100434538,20222308,213652,52556396,1785584,275971,5548
run_131,57.460000000000946,4.0470000000000255,0,2718,0,0,7,,,178031581,92620428,19947814,199221,53102562,1848250,285172,875
run_132,64.3799999999992,0.03100000000000591,0,2721,0,0,6,,,191355464,100208528,19686398,194857,49468848,2112161,345178,6379
run_133,61.75,3.7730000000000246,0,2719,0,0,6,,,175910270,103024806,20464922,208341,51556136,1986597,335818,7291
run_134,65.53000000000065,0.09800000000001319,0,2719,0,0,6,,,203584435,102946647,20940404,181875,45042543,2064293,341141,7116
run_135,65.92000000000007,0.0,0,2722,0,0,7,,,196620033,101556034,20311154,182858,46887827,2114956,344418,7002
run_136,57.92999999999847,7.764999999999986,0,2723,0,0,7,,,193032638,101472351,19562787,188606,48137414,1889521,288310,7053
run_137,62.100000000000364,3.88900000000001,0,2722,0,0,6,,,184758420,101733313,19565253,192399,49878883,2155502,349593,7365
run_138,65.53000000000065,0.09899999999998954,0,2719,0,0,8,,,177544135,102300141,20026050,202838,51312059,2041964,337970,6751
run_139,57.2599999999984,8.058999999999969,0,2718,0,0,6,,,198511953,101689784,20962417,180541,45660420,2046667,347010,7568
run_140,59.1299999999992,3.9490000000000123,0,2721,0,0,6,,,184734700,94625764,19500765,196715,50436071,1880634,291099,979
run_141,61.06999999999971,4.0610000000000355,0,2719,0,0,6,,,199784218,102812161,20508787,190539,46501040,2130403,349799,5268
run_142,58.94000000000051,3.938000000000045,0,2719,0,0,6,,,174390405,94147184,19469984,203482,53232554,1893736,292848,1174
run_143,55.649999999999636,7.9669999999999845,0,2721,0,0,7,,,188944648,98232498,19823037,191920,49792020,2085821,337241,4189
run_144,64.68000000000029,0.05000000000006821,0,2720,0,0,6,,,169531235,100247737,21609473,213890,55042565,1679331,267383,6975
run_145,55.01000000000022,7.928999999999974,0,2721,0,0,7,,,176952496,95411067,19744337,202957,53260302,2087882,343223,1012
run_146,56.80999999999949,7.7999999999999545,0,2719,0,0,7,,,189355877,99681106,19730950,191697,49228301,1903763,292579,4474
run_147,65.38999999999942,0.09199999999998454,0,2717,0,0,6,,,178518465,101060982,19628266,202342,51383617,1790483,277072,7797
run_148,62.07999999999993,4.120999999999981,0,2720,0,0,6,,,206050774,102987949,21313996,181956,44661197,1734263,290090,7357
run_149,57.6200000000008,8.083999999999946,0,2721,0,0,7,,,199372441,102963201,21015257,184820,46038172,2098557,351918,8164
run_150,59.10999999999876,3.9459999999999127,0,2720,0,0,6,,,182955791,96171728,19770684,199151,51336328,2103136,343610,1050
run_151,56.780000000000655,8.035000000000082,0,2719,0,0,6,,,199183090,99134267,19404019,180646,46260646,1913819,293231,3709
run_152,61.13999999999942,4.067000000000007,0,2724,0,0,7,,,179658564,100803337,19650760,194036,50312997,2111787,338231,7877
run_153,59.93000000000029,3.76400000000001,0,2721,0,0,6,,,166960098,96858410,21139221,226383,56229092,1989357,341116,1102
run_154,60.280000000000655,4.014999999999986,0,2719,0,0,6,,,184220992,98696603,19815337,191620,50677101,1862700,282302,4588
run_155,53.76000000000022,8.094000000000051,0,2721,0,0,5,,,183404486,94524622,19658624,197827,50952711,2089990,344562,1220
run_156,60.07999999999993,4.003999999999905,0,2721,0,0,6,,,194784393,99471829,19502922,189879,48320947,1899417,287906,5269
run_157,65.29000000000087,0.08600000000001273,0,2721,0,0,7,,,175750389,100761675,20130607,204412,51529587,1803126,279923,7767
run_158,61.150000000001455,4.06899999999996,0,2719,0,0,5,,,197089956,102188438,20883431,185867,46467173,2112530,344421,7509
run_159,62.039999999999054,0.0,0,2722,0,0,7,,,170518025,94749001,19797812,208934,54606736,1837118,277328,903
run_160,60.04000000000087,3.895999999999958,0,2723,0,0,7,,,179707057,98084169,19598818,197978,51602916,1870219,286307,6542
run_161,62.25,4.136000000000081,0,2720,0,0,7,,,198771372,104289024,21214174,180905,46034451,1766190,302439,7171
run_162,57.80000000000109,8.10200000000009,0,2718,0,0,8,,,198494760,102451967,21043474,180292,46019475,2040954,352939,7527
run_163,66.0,0.12599999999997635,0,2720,0,0,7,,,193830365,103503570,20915639,184856,47315711,1852663,298701,8319
run_164,54.30000000000109,7.885999999999967,0,2723,0,0,6,,,180978493,95033527,19981153,207667,53091980,1857743,283058,1114
run_165,59.899999999999636,3.990000000000009,0,2720,0,0,6,,,187104223,99163506,19776870,194982,50407791,2101744,335245,4638
run_166,65.5,0.09600000000000364,0,2721,0,0,7,,,197624920,101778525,21158076,183008,45983277,2059936,350849,7503
run_167,64.5,0.036999999999920874,0,2722,0,0,7,,,191364159,99938960,19619687,187012,48208129,1888773,286116,7355
run_168,62.5,0.0,0,2724,0,0,6,,,165093867,97208551,21471159,234194,55943435,1958091,333939,863
run_169,64.30000000000109,0.0,0,2721,0,0,6,,,174828097,99766412,19865930,209116,52840879,2017120,337622,5815
run_170,62.20000000000073,3.8460000000000036,0,2719,0,0,8,,,198056285,101278666,20675316,183655,46415624,1857291,295305,7869
run_171,64.89999999999964,0.0,0,2720,0,0,7,,,191141492,100262982,19823331,190462,48519157,1892368,281533,6455
run_172,64.60000000000036,0.0,0,2722,0,0,7,,,174222910,101251833,20318919,209919,52713689,1776824,270193,8912
run_173,56.600000000000364,7.903999999999996,0,2719,0,0,7,,,186237015,101178961,19600928,191451,49480654,2097247,352602,8055
run_174,57.20000000000073,8.06499999999994,0,2722,0,0,7,,,182226751,100390424,19599916,193168,50491606,2101375,343405,6838
run_175,60.600000000000364,4.035000000000082,0,2724,0,0,6,,,197685990,100277844,20772682,183738,46164122,1863809,287490,7478
run_176,58.399999999999636,3.90199999999993,0,2721,0,0,7,,,174775931,95065718,19763243,206283,54193668,1852482,287655,926
run_177,56.100000000000364,7.993000000000052,0,2719,0,0,6,,,182657377,99376159,19719375,206600,51174363,1871903,287886,5079
run_178,61.600000000000364,4.096000000000004,0,2721,0,0,7,,,197516753,102088379,21107387,183683,45995775,1802080,292348,7743
run_179,61.0,4.057000000000016,0,2720,0,0,6,,,194543203,101386589,19396989,187772,47873970,1903223,284119,6535
run_180,57.100000000000364,8.053999999999974,0,2721,0,0,6,,,180319317,101259728,19739903,201954,50594981,1883565,289871,6605
run_181,65.70000000000073,0.11000000000001364,0,2717,0,0,8,,,177480588,102225573,20018922,204099,51754205,1776888,272681,6706
run_182,60.80000000000109,4.044999999999959,0,2723,0,0,8,,,198149534,100867216,19940942,181457,46435532,2115759,331474,7510
run_183,56.5,8.024000000000001,0,2724,0,0,5,,,178730955,100384570,19785376,197402,51064631,1856414,285224,7199
run_184,58.100000000000364,4.1299999999999955,0,2721,0,0,8,,,188567463,95335346,19626615,193096,49161678,2138244,338626,1222
run_185,59.5,3.9700000000000273,0,2718,0,0,7,,,192904217,98664550,19491552,188309,48148329,1901197,285037,4200
run_186,59.100000000000364,3.9470000000000027,0,2722,0,0,6,,,160939939,99247222,22292414,230283,56035365,1892746,334074,3115
run_187,63.400000000001455,0.0,0,2722,0,0,6,,,173606864,96449043,19761304,207126,53849794,2062910,335831,1390
run_188,60.20000000000073,3.981999999999971,0,2719,0,0,6,,,190995254,98762327,19611121,191728,49449884,2118232,345877,3544
run_189,60.79999999999927,4.043999999999983,0,2720,0,0,6,,,172086335,101157172,21498098,218642,54143896,1930305,332749,7364
run_190,62.399999999999636,0.0,0,2722,0,0,6,,,177058583,94260841,19833601,202478,53572309,2050014,335960,887
run_191,59.80000000000109,3.8969999999999345,0,2724,0,0,6,,,190855470,96544891,19480853,188521,49794985,1876714,280146,2732
run_192,56.20000000000073,8.010000000000105,0,2720,0,0,5,,,187348662,99897114,19325818,189470,48838442,1899188,296451,7207
run_193,59.5,3.9710000000000036,0,2720,0,0,6,,,170626837,96744548,19740573,209266,53321321,2053298,331976,1085
run_194,64.0,0.0060000000000854925,0,2722,0,0,6,,,187639498,100379456,19793907,195101,49830136,2100214,335758,6643
run_195,60.70000000000073,4.04099999999994,0,2721,0,0,8,,,199936682,101175330,20781804,184367,45896208,1883186,294320,7886
run_196,61.29999999999927,3.8390000000000555,0,2721,0,0,6,,,189272968,100988815,19741247,192052,48577337,2134990,344601,7513
run_197,61.5,4.0919999999999845,0,2719,0,0,6,,,178972674,101757410,19695482,203983,50720902,1842160,282845,7680
run_198,64.69999999999891,0.04499999999995907,0,2724,0,0,6,,,170725368,101227544,21310256,216291,53760048,1910090,323034,8082
run_199,61.0,3.8190000000000737,0,2724,0,0,7,,,186574049,100365799,19726870,194165,49109831,1895768,292259,7533
run_200,65.60000000000036,0.10099999999999909,0,2719,0,0,6,,,179226930,103368938,19958445,200494,51078063,1807890,282746,7919
run_201,65.69999999999891,0.10399999999992815,0,2719,0,0,6,,,174875180,101587297,20822586,207946,52024332,1969818,334316,7496
run_202,62.100000000000364,4.124000000000024,0,2722,0,0,8,,,195837749,103892821,21074495,185114,46610513,2024992,351741,7783
run_203,62.5,4.144999999999982,0,2721,0,0,7,,,201269419,102966792,21332927,183655,45621720,1743312,299351,8198
run_204,61.5,4.0919999999999845,0,2720,0,0,7,,,197929312,100304171,20945635,181107,46286925,1857515,290094,7704
run_205,61.70000000000073,3.8659999999999854,0,2720,0,0,7,,,193114109,101368713,19580726,184100,48100211,2150399,354595,7428
run_206,57.600000000000364,3.858000000000061,0,2721,0,0,7,,,165196451,96131013,20375687,218505,55682897,1751775,263746,734
run_207,65.39999999999964,0.08299999999996999,0,2723,0,0,7,,,175798569,100945570,19953896,205938,51625984,1797431,281549,5232
run_208,61.899999999999636,4.108999999999924,0,2720,0,0,8,,,204038134,103320110,21569353,176722,44922926,2009672,356023,6473
run_209,61.600000000000364,4.095000000000027,0,2720,0,0,8,,,195093921,102134240,20890218,184719,46824572,1830167,289782,7180
run_210,65.19999999999891,0.0,0,2722,0,0,7,,,185704253,100793061,19528730,191859,49616364,2125915,353261,8580
run_211,59.0,7.781000000000063,0,2721,0,0,7,,,188391061,102786716,19526620,191353,48997779,1905472,297480,7198
run_212,61.29999999999927,3.8390000000000555,0,2716,0,0,6,,,183907747,101268420,19745449,195588,49698508,2110344,343659,7268
run_213,65.0,0.06500000000005457,0,2721,0,0,9,,,171183615,100111523,20654774,206740,52733749,1751617,269366,7469
run_214,61.100000000000364,4.060999999999922,0,2723,0,0,7,,,193617137,100171442,19411163,186360,47532820,1911785,293527,7300
run_215,57.69999999999891,7.862999999999943,0,2721,0,0,7,,,184858757,101419025,19610086,194144,49547471,1917217,292492,8001
run_216,65.39999999999964,0.08400000000006003,0,2718,0,0,6,,,175907288,101989931,20099301,205778,51597492,1806737,278334,8708
run_217,54.30000000000109,8.130999999999972,0,2720,0,0,8,,,188939325,95604445,19495982,192822,48828989,2129703,342040,1288
run_218,47.900000000001455,11.990000000000009,0,2722,0,0,6,,,173162599,91801927,19981430,207519,55583900,1828199,279283,723
run_219,60.29999999999927,4.013000000000034,0,2722,0,0,7,,,177247140,99104293,19621473,203474,51932785,1861018,283656,4105
run_220,57.20000000000073,8.067999999999984,0,2718,0,0,7,,,185933701,100484733,19866988,183569,49024108,2167110,377020,11064
run_221,65.70000000000073,0.0,0,2717,0,0,7,,,186420622,100911445,19598761,188616,48698523,1878949,280187,8132
run_222,66.19999999999891,0.0,0,2723,0,0,8,,,184573656,101409058,19532541,189266,49559207,1891244,296063,8249
run_223,59.0,3.713000000000079,0,2719,0,0,6,,,164029931,95848096,20997819,222890,56252375,1769262,276079,1404
run_224,60.79999999999927,4.048000000000002,0,2718,0,0,7,,,177882366,100683188,19574539,198689,51495189,1840397,286265,6254
run_225,61.5,4.086000000000013,0,2721,0,0,7,,,172553728,100866431,21188794,211107,52925023,1724511,277140,7829
run_226,62.80000000000109,0.16399999999998727,0,2722,0,0,6,,,184387346,95364063,19526848,194675,50298094,2121307,340770,1158
run_227,65.0,0.05999999999994543,0,2722,0,0,6,,,198130389,101623019,20444367,183000,46981964,2129380,344494,6244
run_228,57.70000000000073,7.863000000000056,0,2719,0,0,7,,,186980019,101500448,19609024,192930,49009847,1916549,293969,9099
run_229,57.100000000000364,8.062000000000012,0,2719,0,0,6,,,178298600,100410205,19707170,194545,50953711,1840286,276895,7664
run_230,61.600000000000364,0.09600000000000364,0,2723,0,0,5,,,185744477,93863875,19746773,193589,49810262,1860165,275569,1004
run_231,61.5,4.088000000000079,0,2719,0,0,6,,,198247634,103461792,20555089,188431,47459175,2132497,368722,7530
run_232,66.69999999999891,0.0,0,2719,0,0,6,,,197972682,102976806,20922056,184038,46631666,2075983,354360,9638
run_233,60.100000000000364,3.935999999999922,0,2717,0,0,7,,,187429735,97124857,19351295,192705,48733278,2134562,350729,1709
run_234,61.600000000000364,3.775000000000091,0,2721,0,0,7,,,166593603,100817700,22748295,229868,53453833,1725970,283492,10888
run_235,52.5,12.029999999999973,0,2717,0,0,5,,,197100078,97380725,19346545,184085,46961989,2173357,349879,1998
run_236,61.0,4.0610000000000355,0,2718,0,0,6,,,182074985,100620695,19715239,200041,50597543,1874559,286992,5946
run_237,66.5,0.14800000000002456,0,2723,0,0,6,,,178321992,102597413,19913007,196211,50789281,2000639,335062,9518
run_238,59.0,3.5670000000000073,0,2724,0,0,6,,,160781872,98586274,22003879,254253,55977965,1899773,329953,999
run_239,64.89999999999964,0.05899999999996908,0,2720,0,0,6,,,174348689,101061652,20310946,211246,52678104,2012717,333418,4343
run_240,53.79999999999927,8.105999999999995,0,2719,0,0,6,,,177694275,94491447,19798680,199362,53091356,2052153,342565,1306
run_241,56.80000000000109,8.04600000000005,0,2720,0,0,6,,,195978399,98909934,19359014,189036,47506858,2167244,343847,2613
run_242,57.0,4.062000000000012,0,2722,0,0,6,,,159786409,98705268,21470457,265184,55840642,1718435,264906,697
run_243,60.399999999999636,4.027999999999906,0,2718,0,0,8,,,202151415,100375752,20463326,181327,46004266,1867686,284433,5980
run_244,58.600000000000364,7.911999999999921,0,2723,0,0,7,,,190207005,104018011,20476807,186891,48113175,2101623,347592,7827
run_245,62.100000000000364,3.8829999999999245,0,2723,0,0,7,,,193381309,101835656,19775434,185972,47938114,2124805,347515,8438
run_246,62.29999999999927,3.897999999999911,0,2723,0,0,6,,,188615782,102692033,19484696,190342,48909473,1921271,297249,8608
run_247,59.5,3.9689999999999372,0,2718,0,0,6,,,169775780,98743548,20242170,213840,53512801,2029956,332657,4655
run_248,60.29999999999927,4.015999999999963,0,2718,0,0,6,,,193491899,97587535,19505418,185634,48147807,2110193,335504,1464
run_249,61.70000000000073,3.7350000000000136,0,2722,0,0,6,,,173177458,100512075,20448643,208745,52346993,1766452,278889,5271
run_250,61.80000000000109,0.1129999999999427,0,2721,0,0,6,,,182326114,94382903,19756378,200450,51273527,1874261,289966,1199
run_251,60.599999999998545,4.037000000000035,0,2720,0,0,6,,,193705831,99998279,19380983,187182,48272830,2152519,342538,4655
run_252,61.5,0.09299999999996089,0,2722,0,0,7,,,161923473,98487217,21595445,257891,55558657,1901301,317645,832
run_253,65.60000000000036,0.09500000000002728,0,2724,0,0,6,,,204732652,103453897,21358120,175937,45028340,1724751,297264,6784
run_254,62.599999999998545,4.159999999999968,0,2722,0,0,6,,,203183875,104589788,21964812,179231,44975262,1979241,355795,8408
run_255,63.100000000000364,3.9429999999999836,0,2720,0,0,7,,,178046156,104856021,20265751,202748,50912282,2014427,342675,8226
run_256,62.69999999999891,0.0,0,2717,0,0,8,,,163001114,97990603,21665021,235574,55897975,1706226,268595,1101
run_257,65.20000000000073,0.0039999999999054126,0,2719,0,0,5,,,175516077,100702644,19832625,206383,51659222,1785095,275967,6078
run_258,54.399999999999636,8.1400000000001,0,2719,0,0,5,,,185257195,95303123,19482688,197208,49891667,2114938,339912,1165
run_259,65.39999999999964,0.08000000000004093,0,2720,0,0,6,,,199422907,101848910,20849121,181727,46588948,1843115,298308,6048
run_260,57.899999999999636,7.877000000000066,0,2722,0,0,7,,,191405456,101072940,19698617,185671,47896350,1886330,286394,7978
run_261,54.5,7.908999999999992,0,2723,0,0,7,,,171051415,94068813,19862361,206539,55305742,1825884,274141,1277
run_262,57.69999999999891,7.86099999999999,0,2720,0,0,7,,,182038342,102425398,19414024,195461,50209022,2129109,358856,6242
run_263,64.80000000000109,0.047000000000025466,0,2716,0,0,7,,,171175899,101825850,20750425,212726,52396198,1743203,272876,8712
run_264,52.70000000000073,12.044999999999959,0,2721,0,0,6,,,190745694,100515778,19494905,187496,47995771,1905865,290312,8099
run_265,62.0,3.879000000000019,0,2721,0,0,7,,,183103584,102726400,19465724,192533,49596681,2142579,353408,8159
run_266,66.0,0.0,0,2720,0,0,7,,,177988991,103263357,19978306,200396,50707844,2029840,333637,8011
run_267,65.90000000000146,0.0,0,2717,0,0,7,,,174289223,103892318,20790107,209987,51280238,1993144,339107,8453
run_268,65.29999999999927,0.08199999999999363,0,2724,0,0,8,,,202209030,101658909,21219439,175477,45281022,1768427,289111,8888
run_269,65.59999999999854,0.09200000000009823,0,2723,0,0,7,,,192532399,101686819,20545794,188831,47686965,1872651,294876,8476
run_270,54.0,11.879000000000019,0,2719,0,0,8,,,189009975,103203106,19496914,189298,48926810,2171946,364118,8742
run_271,58.0,7.8799999999999955,0,2716,0,0,6,,,183690222,101646413,19525070,188689,49399751,1882155,289134,7926
run_272,65.40000000000146,4.089999999999918,0,2719,0,1,7,,,218664603,105978072,19163435,174683,40319243,1919109,333904,14747
run_273,55.400000000001455,4.199999999999932,0,2722,0,0,5,,,161338566,96471628,20706695,261850,55594772,1971055,322193,671
run_274,60.5,4.029999999999973,0,2720,0,0,6,,,200835297,99109150,20529567,182681,46218287,2139883,349620,4722
run_275,56.60000000000218,8.029999999999973,0,2721,0,0,7,,,179526864,100779433,19647276,195665,50714951,2120079,343406,8685
run_276,60.5,4.0300000000002,0,2722,0,0,7,,,168753133,98663398,21598424,218908,54743518,1901906,325002,8632
run_277,57.20000000000073,7.829999999999927,0,2723,0,0,9,,,187742807,100150983,19780570,200402,49359611,1884336,288138,8367
run_278,61.60000000000218,0.08999999999991815,0,2719,0,0,5,,,158632924,98861826,22073141,265245,56013983,1709286,274231,750
run_279,55.20000000000073,7.9500000000000455,0,2718,0,0,7,,,197560348,96209786,19611274,181851,47345086,1898557,289126,3807
run_280,57.400000000001455,4.079999999999927,0,2721,0,0,6,,,156669999,99284048,22444080,268907,55973341,1871867,334720,512
run_281,59.79999999999927,3.980000000000018,0,2719,0,0,6,,,197984327,99437646,19527722,186480,46900718,2142067,342940,5588
run_282,56.69999999999709,8.040000000000191,0,2719,0,0,7,,,176323361,100156647,19781963,201629,51570284,2044127,329027,7149
run_283,55.80000000000291,7.990000000000009,0,2581,0,0,7,,,179599966,96346924,19815298,192402,49413482,1819156,279739,7940
run_284,61.099999999998545,0.05999999999994543,0,2664,0,0,5,,,154904763,100579389,22283933,271057,55772777,1654252,268791,965
run_285,64.10000000000218,0.0,0,1761,0,0,6,,,178885225,97404158,19437111,195092,50422899,1868925,294177,5817
run_286,61.60000000000218,4.099999999999909,88,2646,0,0,7,,,179591254,102477921,19617633,196535,50927191,2086882,343145,8145
run_287,65.79999999999927,0.11000000000012733,0,2718,0,0,7,,,174494414,101629759,20625375,207694,51664792,1993955,336107,7465
run_288,57.099999999998545,8.059999999999945,0,2721,0,0,7,,,197428104,100504982,20815637,182412,46318858,1857283,296499,8027
run_289,62.70000000000073,3.9200000000000728,0,2719,0,0,7,,,196272276,103569226,20898861,186178,47287499,2104040,359659,7703
run_290,59.19999999999709,7.9500000000000455,0,2719,0,0,7,,,201807294,103994271,21310778,180646,45624950,1742513,297439,7463
run_291,61.79999999999927,4.119999999999891,0,2721,0,0,7,,,203199163,101137506,20909620,177099,45019043,2042369,343127,7397
run_292,57.70000000000073,7.870000000000118,0,2720,0,0,9,,,193994619,100550157,19439896,180463,47517653,1902395,298802,7241
run_293,62.5,3.9099999999998545,0,2721,0,0,8,,,188051632,103610432,19579110,189639,48794484,2142057,352619,7401
run_294,54.20000000000073,7.880000000000109,0,2719,0,0,6,,,170911271,94612936,19997036,211038,55688944,1820415,279945,1045
run_295,60.20000000000073,4.009999999999991,0,2717,0,0,6,,,179136198,97837718,19683349,200538,51514229,1861764,283779,2780
run_296,56.79999999999927,8.059999999999945,0,2720,0,0,6,,,193183838,100197633,19560895,183218,47258880,1911622,287919,7398
run_297,61.39999999999782,3.839999999999918,0,2721,0,0,7,,,183618508,101926389,19690181,196579,49845807,2134449,346767,7397
run_298,65.19999999999709,0.07000000000016371,0,2720,0,0,6,,,174791214,101305394,20368376,207147,51735428,2018017,334507,7248
run_299,57.20000000000073,8.079999999999927,0,2719,0,0,7,,,198150794,101086693,20747740,182348,46029862,1845160,291200,7425
run_300,56.900000000001455,7.7999999999999545,0,2724,0,0,7,,,187271305,100143684,19793731,189290,49336776,2112530,335191,7224
run_301,65.20000000000073,0.07000000000016371,0,2721,0,0,7,,,174711154,102863979,20750326,216471,52181211,2007814,339903,7464
run_302,56.39999999999782,8.029999999999973,0,2728,0,0,8,,,193223568,100941805,19540189,189832,47692369,1898583,285671,6650
run_303,65.0,0.05999999999994543,4,2713,0,0,6,,,168926228,99195363,19988618,213835,51838982,2081349,345980,10771
run_304,63.599999999998545,7.970000000000027,0,2721,0,1,6,,,219239571,107689640,20825281,170749,38621485,1716374,287107,19601
run_305,64.5,0.03999999999996362,0,2721,0,0,7,,,170205881,99130955,20854014,214200,53457852,1761638,273602,7355
run_306,61.5,3.8400000000001455,0,2719,0,0,8,,,193063656,101946040,19801641,187919,48002511,2147977,353762,8150
run_307,57.79999999999927,3.8599999999999,0,2722,0,0,7,,,165821254,95305066,20080250,211041,55571065,1772538,261462,1330
run_308,64.0,0.0,0,2723,0,0,7,,,172406118,99584578,20377626,211115,53365240,1732606,276931,6036
run_309,61.900000000001455,3.8600000000001273,0,2720,0,0,8,,,196107164,100963608,19390621,188693,47957985,1929837,297779,7423
run_310,61.60000000000218,3.849999999999909,0,2718,0,0,7,,,182582297,101283347,19479345,190221,49939097,2126985,350958,7343
run_311,61.900000000001455,4.119999999999891,0,2720,0,0,6,,,179204948,102341142,19495070,198863,50760716,1834418,281966,7544
run_312,61.79999999999927,3.730000000000018,0,2723,0,0,7,,,172716544,101287356,20671657,214501,52223496,1762405,280018,7735
run_313,65.79999999999927,0.11999999999989086,0,2720,0,0,6,,,195637487,102781234,20912402,183633,46556764,2075758,345689,8070
run_314,58.599999999998545,3.9200000000000728,0,2721,0,0,5,,,185112133,95265461,19597836,196567,50805993,2089104,335938,1250
run_315,60.19999999999709,4.019999999999982,0,2722,0,0,9,,,191209276,98272218,19418939,184939,48645872,1890981,287779,4393
run_316,61.89999999999782,0.12000000000011823,0,2724,0,0,5,,,161218843,98106161,21731885,261170,56032444,1928530,328172,1027
run_317,65.09999999999854,0.0,0,2721,0,0,8,,,172379504,99731916,20596816,211268,52972834,2012314,340742,4498
run_318,61.29999999999927,0.0,0,2719,0,0,6,,,178320824,92968846,20056515,200545,54172913,1831135,276037,775
run_319,60.0,3.9199999999998454,0,2720,0,0,8,,,179814591,97955786,19758409,200539,51632316,1862750,279460,3987
run_320,61.599999999998545,4.0900000000001455,0,2722,0,0,8,,,193257284,102383843,20749149,185283,47313070,1862707,290549,7990
run_321,58.10000000000218,7.879999999999882,0,2719,0,0,7,,,195596007,101850757,20294695,185263,47037616,2130098,351773,7165
run_322,57.400000000001455,7.8400000000001455,0,2722,0,0,8,,,188001052,100125007,19649405,190748,48969271,2144077,342110,7067
run_323,57.0,8.069999999999936,0,2724,0,0,7,,,174591567,100293487,19753448,203694,51654772,1807770,267791,6804
run_324,61.599999999998545,4.099999999999909,0,2721,0,0,7,,,200572961,102434481,21208005,181941,45598693,1788805,296492,7458
run_325,62.20000000000073,4.1400000000001,0,2728,0,0,7,,,200755994,102702182,21003090,183780,46162860,1814713,296524,7656
run_326,61.29999999999927,4.079999999999927,0,2713,0,0,6,,,194789739,101370588,19581350,188705,47470697,1907154,285644,7492
run_327,65.40000000000146,0.0,0,2720,0,0,7,,,184348123,101350505,19583658,193021,49577216,1898416,287205,7383
run_328,65.90000000000146,0.0,0,2721,0,0,8,,,178746356,102769713,19554200,202925,50989851,1825187,281833,7962
run_329,66.0,0.09000000000014552,0,2717,0,0,7,,,176998414,102014066,19941334,203648,51455019,1795702,275540,7823
run_330,53.19999999999709,8.069999999999936,0,2590,0,0,5,,,173524752,89869198,19869061,197264,52736408,1803901,279867,1713
run_331,60.39999999999782,3.7799999999999727,0,2569,0,0,7,,,180933823,95527035,19562579,192588,50483258,2079919,346998,4922
run_332,65.39999999999782,0.07999999999992724,0,2565,0,0,7,,,167407826,99235599,21751705,215470,52576430,1737773,283958,8395
run_333,66.5,0.14999999999986358,0,2619,0,0,6,,,194317481,101210382,20991916,180495,46136601,1962181,353625,8382
run_334,61.20000000000073,4.069999999999936,0,2481,0,0,6,,,163915741,97953090,22144943,234431,53795798,1715245,279698,7482
run_335,54.10000000000218,7.8900000000001,0,2493,0,0,7,,,179165387,95313776,19919452,200455,53373067,2066456,332087,1980
run_336,63.400000000001455,7.970000000000027,0,2729,0,1,8,,,220159710,108435452,19124698,170237,37856742,1937948,343281,20857
run_337,65.90000000000146,0.0,0,2722,0,0,7,,,178375146,103169211,19794062,202566,50810794,2038785,336487,8051
run_338,65.79999999999927,0.0,0,2724,0,0,8,,,177293886,99791853,19620707,196088,51325153,2038847,332892,7894
run_339,63.79999999999927,0.0,0,2726,0,0,6,,,192363476,97963380,19517382,185427,47925260,1869358,281525,5471
run_340,61.900000000001455,3.8599999999999,0,2722,0,0,7,,,190679880,102476663,19904198,192875,49391829,1896506,290528,7097
run_341,62.0,4.120000000000118,0,2720,0,0,6,,,179446810,102710395,19554984,198396,50840998,2050900,338579,7363
run_342,65.09999999999854,0.06999999999993634,0,2722,0,0,8,,,172258298,100851822,20748866,211122,52680478,1974572,334870,7788
run_343,66.09999999999854,0.13000000000010914,0,2722,0,0,7,,,194730415,103720609,21025863,186133,47192778,1802347,300080,8159
run_344,61.900000000001455,4.119999999999891,0,2720,0,0,6,,,193519268,101972617,20900016,188091,47585594,2132938,356802,9079
run_345,62.400000000001455,3.900000000000091,0,2719,0,0,8,,,193246326,102718234,20701980,180957,47384966,1859144,295093,8679
run_346,54.400000000001455,7.9099999999998545,0,2724,0,0,6,,,176826899,94632541,19801119,199899,53503053,2053327,331022,1173
run_347,64.40000000000146,0.020000000000209184,0,2725,0,0,6,,,187640614,99455728,19791675,192001,49689633,1887946,288538,4639
run_348,58.29999999999927,7.789999999999964,0,2720,0,0,6,,,175698023,103605155,20494646,205873,51620182,1794659,286496,7790
run_349,61.79999999999927,4.120000000000118,0,2720,0,0,7,,,174010004,103426944,21075207,214907,52065029,1964996,338231,8397
run_350,62.0,4.129999999999882,0,2722,0,0,6,,,202353272,104644443,21539692,185315,45126091,2003178,352455,7852
run_351,62.5,4.150000000000091,0,2722,0,0,5,,,205984153,104250305,21428779,180834,44340323,1735509,300940,7163
run_352,62.400000000001455,0.14999999999986358,0,2720,0,0,7,,,186877057,95886659,19504364,192503,49667271,1890126,284686,1866
run_353,65.09999999999854,0.060000000000172804,0,2721,0,0,7,,,201973834,100877368,20964907,176950,45671980,2100242,352612,5040
run_354,61.20000000000073,3.8299999999999272,0,2722,0,0,6,,,187926439,100381759,19741564,189679,48939150,1885252,287214,8273
run_355,61.599999999998545,4.099999999999909,0,2573,0,0,7,,,172354682,99932241,20538401,203518,51148668,2037684,338794,6774
run_356,61.70000000000073,3.759999999999991,0,2621,0,0,7,,,164890154,98663237,21912374,215206,53537981,1744908,283243,8046
run_357,49.79999999999927,12.1099999999999,0,2637,0,0,6,,,171024367,92529065,19666052,205833,53087519,2022976,340150,1008
run_358,61.20000000000073,3.8300000000001546,148,2722,0,0,7,,,196759927,101077380,19408099,190579,48224388,1900774,287378,5147
run_359,56.79999999999927,4.0499999999999545,0,2481,0,0,5,,,150917432,98100634,22648703,273888,55615978,1871873,330066,549
run_360,60.19999999999709,4.019999999999982,0,2372,0,0,6,,,185446919,95688290,19128190,189609,48376863,1878279,298857,4033
run_361,60.79999999999927,0.049999999999954525,0,2565,0,0,6,,,152328356,96272023,22434093,266204,55670456,1891684,324837,637
run_362,56.60000000000218,8.039999999999964,0,2508,0,0,7,,,189292682,98217141,20605929,183142,47520804,2057118,356460,6512
run_363,58.29999999999927,3.900000000000091,0,2529,0,0,8,,,168426046,93901538,20247174,215227,54440720,2030975,333745,1174
run_364,60.20000000000073,4.019999999999982,0,2388,0,0,6,,,177397669,96000436,19561500,199827,51465954,2081679,342337,4009
run_365,60.900000000001455,4.059999999999945,0,2407,0,0,7,,,189010872,98647026,20597629,187837,47374765,2075238,349730,7692
run_366,64.79999999999927,0.0,0,2409,0,0,7,,,177182853,97777095,19565045,199837,50733828,2095368,337839,7458
run_367,64.89999999999782,0.0,0,2411,0,0,7,,,164982440,98513186,21959442,221998,53761377,1971576,337738,7475
run_368,57.0,7.940000000000055,0,2455,0,0,6,,,182919395,98260430,19548562,193139,49014673,2124725,358325,7160
run_369,64.79999999999927,0.049999999999954525,0,2472,0,0,6,,,171756154,96847856,20051249,199546,51317263,2037522,327802,7620
run_370,56.39999999999782,8.029999999999973,0,2469,0,0,6,,,177409389,95749365,19717489,184592,49412600,2113880,370037,10221
run_371,66.69999999999709,0.0,0,2427,0,0,8,,,182619020,101732781,20017172,193650,49496288,2090902,356009,7650
run_372,61.70000000000073,3.7800000000002,0,2392,0,0,7,,,182858235,99253958,19510398,189192,49658284,2103880,350423,7122
run_373,58.0,3.8799999999998818,0,2472,0,0,6,,,155181455,96391937,22339711,265412,55913000,1896515,336600,1148
run_374,64.5,0.029999999999972715,0,2408,0,0,6,,,164732266,97172907,21617467,217914,53807732,1983319,339307,4568
run_375,58.20000000000073,3.880000000000109,0,2413,0,0,6,,,169733414,93629080,19902643,210565,53786655,2041316,342170,1218
run_376,61.099999999998545,3.8199999999999363,0,2401,0,0,7,,,179026430,97835400,19347263,196593,50374062,2105609,361218,4765
run_377,64.70000000000073,0.049999999999954525,0,2464,0,0,6,,,165464413,98433121,21471162,212854,53629020,1946324,343581,7807
run_378,52.89999999999782,12.060000000000173,0,2419,0,0,7,,,181876943,97446072,19577939,189806,48948909,2104220,348547,7342
run_379,61.79999999999927,3.869999999999891,0,2388,0,0,6,,,177399660,99486102,19498486,198609,50650762,2122334,350825,7136
run_380,65.0,0.05999999999994543,0,2394,0,0,6,,,165497242,97291671,21363126,208181,52881897,1981648,335243,7477
run_381,57.099999999998545,8.070000000000164,0,2380,0,0,8,,,185758242,99299628,20281421,189466,48109256,2086832,358309,7839
run_382,65.5,0.0,0,2410,0,0,8,,,181625729,98644082,19406631,194816,49868191,1879717,296429,7828
run_383,65.30000000000291,0.0,0,2228,0,0,7,,,173375493,98756313,19989414,210527,51372382,1850843,277064,7985
run_384,65.09999999999854,0.0,0,2219,0,0,7,,,164053380,97802334,22060434,219959,53947710,1722034,280977,7474
run_385,61.0,3.8099999999999454,0,2232,0,0,7,,,184027529,97500335,19629281,189618,48870079,1867308,289853,7934
run_386,61.5,4.089999999999918,0,2298,0,0,7,,,172478272,99094088,20146256,203221,51322247,1844373,272933,7210
run_387,65.10000000000218,0.07000000000016371,0,2272,0,0,8,,,163631695,98567743,22300848,224350,54113259,1730384,283281,7310
run_388,56.5,7.7999999999999545,0,2222,0,0,8,,,179416430,96947985,19526341,190869,49788231,1868219,289669,8478
run_389,64.40000000000146,0.029999999999972715,0,2225,0,0,6,,,165039838,98227116,21526612,217005,53680693,1755100,275688,8884
run_390,60.400000000001455,3.7799999999999727,0,2288,0,0,8,,,178452943,97467453,19677389,199427,50331822,1848126,277645,7734
run_391,65.10000000000218,0.05999999999994543,0,2226,0,0,6,,,166934059,99319532,21553428,214234,52581927,1745715,283763,8194
run_392,56.5,8.029999999999973,0,2227,0,0,8,,,185123732,97628402,19668992,186773,48246515,1881534,284533,7613
run_393,60.39999999999782,4.0300000000002,0,2232,0,0,7,,,171043434,96971364,20140466,207433,51933563,1831390,272606,7752
run_394,61.099999999998545,4.069999999999936,0,2226,0,0,7,,,188299558,100403269,20724454,196979,47635252,1861439,296147,8277
run_395,61.5,3.849999999999909,0,2212,0,0,6,,,178528987,100301502,19539454,196156,50358186,1876610,283255,8944
run_396,60.89999999999782,4.059999999999945,0,2227,0,0,6,,,169085811,97288932,20780992,210801,52207561,1794639,272682,7544
run_397,61.20000000000073,4.069999999999936,0,2224,0,0,6,,,190373811,99791345,20858331,184968,47371321,1844936,297230,9252
run_398,62.20000000000073,0.0,0,2227,0,0,6,,,163296804,94402428,21025199,223069,55167027,1794115,271256,3760
run_399,60.10000000000218,3.9099999999998545,0,2225,0,0,7,,,180059666,95123210,19609839,191314,50095177,1876404,287036,2274
run_400,64.40000000000146,0.03000000000020009,0,2229,0,0,8,,,162034808,97431318,22704945,224686,55234466,1678554,276929,8276
run_401,61.29999999999927,3.839999999999918,0,2228,0,0,6,,,178277714,98888016,19619119,192779,50501646,1853064,278948,7756
run_402,58.599999999998545,3.9200000000000728,0,2228,0,0,6,,,155642984,95058998,22185983,248458,56275149,1729620,272135,2199
run_403,64.09999999999854,0.009999999999990905,0,2214,0,0,8,,,165025559,96698174,21276151,219426,54114829,1780144,278239,5333
run_404,61.099999999998545,0.0,0,2224,0,0,6,,,165068504,92113733,20330364,214308,55702623,1792112,268210,1762
run_405,63.5,0.0,0,2226,0,0,6,,,153812054,96609704,23501830,237209,55614211,1690792,279073,9196
run_406,57.79999999999927,7.669999999999845,0,2229,0,0,8,,,181306080,99636335,19314483,196334,49679407,1886426,290423,8210
run_407,60.60000000000218,4.029999999999973,0,2221,0,0,6,,,168336349,98270206,20809350,210479,52322418,1794657,275850,7785
run_408,56.70000000000073,8.039999999999964,0,2232,0,0,5,,,183719277,97326862,19601838,185810,48260480,1862506,283299,7635
run_409,64.70000000000073,0.03999999999996362,0,2231,0,0,6,,,169142499,97649667,20460851,203947,51538151,1842188,275686,9040
run_410,64.90000000000146,0.049999999999954525,0,2217,0,0,8,,,190697177,99588087,20655588,184505,47115242,1851343,296800,8458
run_411,59.900000000001455,3.990000000000009,0,2273,0,0,6,,,169676285,96930321,20227314,206422,51721074,1805057,277591,7970
run_412,57.099999999998545,8.059999999999945,0,2228,0,0,6,,,219758556,97913875,19624027,185774,42575662,1859397,290854,7801
run_413,65.09999999999854,0.0,0,2227,0,0,9,,,184859325,98555130,19713341,190883,49193897,1875732,285512,7883
run_414,64.59999999999854,0.0,0,2292,0,0,6,,,166920123,98359936,21453726,218287,52651135,1754501,274714,7733
run_415,61.10000000000218,3.9400000000000546,0,2275,0,0,5,,,185808952,99662247,19821495,188342,48374587,1865938,293147,7505
run_416,57.20000000000073,7.830000000000155,0,2292,0,0,7,,,177772966,97192035,19524429,194313,50445388,1842776,277513,7583
run_417,64.80000000000291,0.049999999999954525,0,2293,0,0,8,,,165238915,96732636,21628350,212198,53814342,1740681,277419,7439
run_418,60.5,4.029999999999973,0,2270,0,0,6,,,181232276,98305818,19583240,196798,49677595,1885509,297822,7319
run_419,60.80000000000291,4.0499999999999545,0,2275,0,0,8,,,168002977,98171419,20864958,209008,52092056,1768842,275777,8254
run_420,57.20000000000073,8.069999999999936,0,2289,0,0,6,,,189062901,99806404,20603396,187164,47315042,1830317,285486,8460
run_421,57.900000000001455,3.8700000000001182,0,2288,0,0,8,,,164290804,92475218,20676343,222031,55829187,1792887,270365,2007
run_422,60.29999999999927,0.01999999999998181,0,2288,0,0,6,,,144518232,99834314,23917605,284719,55830060,1618339,273945,938
run_423,64.20000000000073,0.009999999999990905,0,2280,0,0,6,,,158686442,95636334,22692583,225515,56076862,1706370,282654,1818
run_424,56.20000000000073,4.009999999999991,0,2289,0,0,8,,,151702209,96879217,22201814,277006,55476606,1675967,259935,627
run_425,55.60000000000218,7.980000000000018,0,2287,0,0,6,,,181449573,97099848,19503401,188917,49911395,1858277,282514,7500
run_426,64.59999999999854,0.03999999999996362,0,2272,0,0,6,,,163231651,98856318,22246294,221262,53860051,1732077,279478,8329
run_427,57.0,7.820000000000164,0,2281,0,0,7,,,182421351,97130046,19545661,192582,49131814,1863841,284712,8346
run_428,60.79999999999927,4.039999999999964,0,2285,0,0,8,,,169852108,97685514,20444454,212302,51967359,1827062,273403,7656
run_429,60.599999999998545,4.039999999999964,0,2228,0,0,7,,,184568225,98521769,19767573,188871,48142125,1878316,286705,8482
run_430,61.099999999998545,3.8299999999999272,0,2287,0,0,7,,,170867356,98294792,20270552,204611,51080005,1838237,276674,8071
run_431,65.30000000000291,0.07000000000016371,0,2285,0,0,8,,,167781500,97814861,21063962,214002,52481608,1760113,272888,7697
run_432,59.70000000000073,3.980000000000018,0,2294,0,0,6,,,175760904,96966082,19303686,195538,50341661,1830193,297251,8304
run_433,59.0,3.939999999999827,0,2280,0,0,7,,,159280965,95062448,21935013,225204,56092340,1723641,275875,1870
run_434,60.0,4.0,0,2273,0,0,6,,,167467373,95393934,20617216,213708,53808458,1811717,274045,4163
run_435,60.70000000000073,3.800000000000182,0,2285,0,0,7,,,179587636,97361828,19529692,192323,49826672,1847782,281124,7326
run_436,60.400000000001455,4.019999999999982,0,2285,0,0,7,,,167460330,97468879,21113484,215839,53439920,1755638,266664,7281
run_437,60.60000000000218,3.7999999999999545,0,2285,0,0,7,,,180877964,97671938,19551126,196115,49810432,1872320,285232,7325
run_438,63.900000000001455,0.0,0,2281,0,0,7,,,162506527,96910485,21953548,221738,54917016,1718011,271117,7250
run_439,64.20000000000073,0.01999999999998181,0,2292,0,0,6,,,174743409,96505447,19630740,200830,51235047,1823096,270979,6956
run_440,61.10000000000218,0.06999999999993634,0,2283,0,0,6,,,142323221,100648213,23972464,278644,55724262,1584833,269676,520
run_441,56.70000000000073,7.800000000000182,0,2284,0,0,7,,,182195355,97166518,19460216,194974,50028785,1867560,293110,4127
run_442,64.79999999999927,0.049999999999954525,0,2271,0,0,7,,,169156560,98456039,21172271,212246,52485575,1757876,280584,7441
run_443,56.89999999999782,8.049999999999955,0,2226,0,0,6,,,182954607,97867978,19550034,188049,48784852,1868741,290688,7826
run_444,60.89999999999782,4.059999999999945,0,2287,0,0,6,,,174468785,97204724,19844457,201060,51244237,1837103,274550,8325
run_445,60.79999999999927,4.0499999999999545,0,2287,0,0,8,,,163129029,98003252,22442939,221395,54395102,1709429,277691,6882
run_446,61.20000000000073,3.8300000000001546,0,2283,0,0,7,,,181654244,97895357,19626706,190486,49222306,1874841,286290,7930
run_447,60.400000000001455,4.029999999999973,0,2226,0,0,7,,,167926802,97229045,20498373,205836,51908589,1815604,269299,7780
run_448,64.90000000000146,0.05999999999994543,0,2293,0,0,8,,,189386269,98342327,20140974,182247,47567725,1846239,283802,8857
run_449,60.20000000000073,4.009999999999991,0,2272,0,0,7,,,171022367,99357410,20552120,208770,51767759,1832378,278880,8332
run_450,52.29999999999927,12.019999999999982,0,2276,0,0,7,,,185946468,97337378,19691076,186492,48206360,1876818,286396,7866
run_451,56.599999999998545,4.029999999999973,0,2287,0,0,6,,,152793530,97151175,22444036,273066,55774070,1684638,265557,876
run_452,60.10000000000218,4.0,0,2287,0,0,6,,,186839720,96401803,19413036,190949,48431718,1879548,288658,5216
run_453,59.900000000001455,3.990000000000009,0,2291,0,0,6,,,166931169,97898004,21213032,221654,53270921,1758466,265662,8159
run_454,60.599999999998545,4.039999999999964,0,2279,0,0,7,,,179639163,97783195,19474389,191439,49704817,1870209,292977,8369
run_455,59.89999999999782,4.0,0,2291,0,0,5,,,164527806,96927183,21321977,220233,53804074,1732471,263319,7775
run_456,60.599999999998545,3.7999999999999545,0,2290,0,0,8,,,178450246,97315956,19599959,197315,50258129,1850981,280899,7387
run_457,65.0,0.05999999999994543,0,2272,0,0,7,,,164779407,99844025,22092953,221717,53081939,1739231,286689,7834
run_458,62.400000000001455,0.15000000000009095,0,2278,0,0,7,,,173540081,96203043,19744185,202045,51995064,1784681,281047,5787
run_459,61.400000000001455,4.079999999999927,0,2288,0,0,6,,,192266509,98738142,20238171,185198,46820356,1829492,286980,7148
run_460,65.40000000000146,0.0,0,2287,0,0,8,,,180153245,99459346,19551918,197431,49755181,1864723,283875,8373
run_461,60.29999999999927,3.8700000000001182,0,2289,0,0,6,,,165897966,97621390,21135322,216885,52656779,1782053,274583,8147
run_462,60.29999999999927,4.009999999999991,0,2284,0,0,5,,,178968854,97567058,19591696,195385,49542516,1869027,288252,7333
run_463,61.20000000000073,0.06999999999993634,0,2287,0,0,7,,,149544967,97328743,22925903,271877,55878418,1654840,268426,950
run_464,59.400000000001455,3.9700000000000273,0,2285,0,0,7,,,186713281,96575894,19556581,189364,48442452,1861237,284649,5010
run_465,60.5,0.029999999999972715,0,2273,0,0,5,,,143935604,100448533,24174562,286064,56003612,1619223,276647,385
run_466,58.79999999999927,4.170000000000073,0,2286,0,0,6,,,175827152,94471769,19621098,201542,51997549,1819631,280677,6172
run_467,64.30000000000291,0.029999999999972715,0,2283,0,0,7,,,181372735,96977010,19688691,191550,48790179,1857921,283238,7776
run_468,60.5,4.029999999999973,0,2289,0,0,7,,,168000398,97694336,20818635,211113,52246322,1792316,269387,7907
run_469,56.10000000000218,8.0,0,2287,0,0,7,,,183506299,97723239,19862673,191647,48401345,1846760,277627,8105
run_470,60.70000000000073,4.039999999999964,0,2283,0,0,6,,,167947038,96065193,20652760,206033,52556899,1818363,270693,7953
run_471,59.20000000000073,4.2000000000000455,0,2294,0,0,7,,,180046941,95950282,19765136,197029,50062162,1828788,280914,7615
run_472,60.89999999999782,4.0499999999999545,0,2280,0,0,6,,,162745257,98343499,22935345,228210,54352930,1686008,287279,7938
run_473,60.5,3.7899999999999636,0,2272,0,0,6,,,179790082,97838908,19710031,200422,50813835,1842968,282946,8128
run_474,64.0,0.0,0,2287,0,0,9,,,159291523,98908027,22841833,229309,55338517,1656389,272241,8196
run_475,64.09999999999854,0.010000000000218279,0,2286,0,0,7,,,171743988,97535729,20251060,206158,51436255,1831260,277596,7801
run_476,60.20000000000073,4.009999999999991,0,2285,0,0,6,,,176629792,97824740,19108600,193133,49717795,1897247,307185,9644
run_477,61.29999999999927,0.06999999999993634,0,2277,0,0,5,,,153067398,95987412,22420719,269754,55950834,1707522,272503,1165
run_478,62.69999999999709,0.0,0,2294,0,0,6,,,188463123,95028134,19080420,186669,48278150,1836780,276694,4662
run_479,59.70000000000073,3.910000000000082,0,2287,0,0,7,,,159838543,98575036,22943596,226907,56016136,1647079,271694,7270
run_480,60.099999999998545,4.0,0,2283,0,0,7,,,168961126,98308991,20650001,213171,52239368,1825348,277162,7842
run_481,63.70000000000073,0.0,0,2271,0,0,7,,,180042146,98286599,19815830,197147,49758606,1842316,280133,7799
run_482,60.20000000000073,4.009999999999991,0,2290,0,0,7,,,162978165,98415979,22366877,222180,54325449,1689274,280384,8356
run_483,63.79999999999927,0.0,0,2287,0,0,6,,,173526388,97726976,19932292,206157,51662945,1821238,267761,7832
run_484,59.79999999999927,3.990000000000009,0,2288,0,0,7,,,183358197,97686991,19812437,193737,48199421,1867966,277888,7614
run_485,64.40000000000146,0.029999999999972715,0,2282,0,0,8,,,164121328,97630494,21497917,215522,53142486,1762763,276352,7959
run_486,59.400000000001455,4.210000000000036,0,2286,0,0,6,,,178277508,96832001,19758703,197545,50309240,1828036,278623,7354
run_487,64.79999999999927,0.049999999999954525,0,2296,0,0,6,,,161783410,96156749,22346437,225253,54464813,1715247,277895,7479
run_488,60.5,3.7899999999999636,0,2272,0,0,9,,,177004240,98277648,19746241,201190,50997946,1859171,282043,6975
run_489,65.0,0.05999999999994543,0,2277,0,0,6,,,164974139,97320690,21761842,217618,53358406,1739527,280580,7438
run_490,60.29999999999927,4.019999999999982,0,2290,0,0,5,,,179578773,97348106,19427803,194510,49877356,1867762,286443,7329
run_491,61.29999999999927,0.07000000000016371,0,2286,0,0,6,,,150934139,99089754,23086624,284041,55806576,1656624,270279,738
run_492,55.29999999999927,7.960000000000036,0,2289,0,0,6,,,185412350,96121258,19555646,195261,48784565,1846244,285990,4497
run_493,64.70000000000073,0.03999999999996362,0,2281,0,0,6,,,161380038,97411733,22530041,219133,54055037,1721715,281717,7885
run_494,60.39999999999782,3.7899999999999636,0,2290,0,0,7,,,179017299,96837804,19557736,191728,50516745,1831493,279992,7207
run_495,65.39999999999782,0.07999999999992724,0,2290,0,0,7,,,164912034,98617003,22209317,214054,52606561,1719282,283451,8179
run_496,57.69999999999709,4.0900000000001455,0,2271,0,0,7,,,173198188,92921447,19781260,206239,52587423,1838013,289004,1239
run_497,55.30000000000291,3.9600000000000364,0,2280,0,0,7,,,152341762,95391283,21965791,273666,55720038,1738299,267464,410
run_498,58.79999999999927,4.169999999999845,0,2288,0,0,6,,,183607260,96024564,19632902,197684,49436990,1860212,282489,3577
run_499,60.69999999999709,4.039999999999964,0,2287,0,0,7,,,162078239,98762174,23072373,227999,54567350,1677096,283400,7864
run_500,64.29999999999927,0.0,0,2289,0,0,7,,,178687956,97248752,19606419,198259,50387615,1851589,281543,7749
run_501,64.5,0.0,0,2283,0,0,6,,,162947924,99443286,22338611,221800,54124291,1699628,278497,7680
run_502,61.10000000000218,0.0,0,2288,0,0,7,,,165170765,91983731,20322361,215741,55643162,1770367,265664,1225
run_503,62.900000000001455,0.0,0,2283,0,0,7,,,162348422,94938518,21129971,220464,55876852,1753740,273191,4684
run_504,61.0,3.660000000000082,0,2275,0,0,8,,,169866131,98849636,20596604,210811,51706850,1835291,277958,7856
run_505,64.60000000000218,0.03999999999996362,0,2287,0,0,7,,,161947992,98055914,22388706,229424,55345707,1671021,268787,6911
run_506,59.79999999999927,4.0,0,2282,0,0,7,,,173567798,97553641,19964551,205421,51857374,1819756,272030,6958
run_507,53.599999999998545,8.100000000000136,0,2289,0,0,6,,,171711417,91615326,19792944,202964,53040575,1821990,285831,1494
run_508,58.89999999999782,4.169999999999845,0,2284,0,0,6,,,178147656,93582125,19693948,200045,51183431,1836716,285082,3439
run_509,63.900000000001455,0.0,0,2285,0,0,6,,,176225424,93640444,19401011,185440,49975604,1883594,293074,8985
run_510,61.29999999999927,4.070000000000164,0,2289,0,0,9,,,173235129,98253709,20142262,202292,51487945,1815667,277109,7301
run_511,61.0,0.05999999999994543,0,2283,0,0,6,,,173744427,90947938,19895917,204056,52831528,1831060,280688,1132
run_512,59.39999999999782,3.9600000000000364,0,2270,0,0,7,,,177676770,96221567,19603225,203789,51570846,1832694,282086,6146
run_513,55.599999999998545,7.980000000000018,0,2286,0,0,6,,,181399882,97443879,19829499,194879,49316318,1836585,278289,8304
run_514,64.30000000000291,0.01999999999998181,0,2288,0,0,7,,,166341688,97965420,21495796,215542,54186165,1722107,269569,7601
run_515,56.70000000000073,7.819999999999936,0,2290,0,0,7,,,176194403,97953290,19633433,199993,50787004,1857411,279219,7950
run_516,64.60000000000218,0.029999999999972715,0,2276,0,0,7,,,162303090,98478500,22363853,226457,54210039,1705071,276337,7460
run_517,57.099999999998545,3.8300000000001546,0,2289,0,0,7,,,165149276,90576728,19976820,212971,55445075,1764691,259084,1322
run_518,58.900000000001455,3.939999999999827,0,2287,0,0,6,,,162002273,95430184,21466974,221800,55909454,1713903,271156,5756
run_519,64.30000000000291,0.009999999999990905,0,2277,0,0,6,,,168785831,98383843,20868564,212988,52261136,1807282,279094,7885
run_520,60.099999999998545,4.0,0,2273,0,0,7,,,182654511,97855103,19716377,192698,49018103,1862657,284497,7887
run_521,60.20000000000073,4.009999999999991,0,2289,0,0,8,,,163595557,96863509,21497015,222168,53644876,1757971,275408,6925
run_522,60.20000000000073,3.790000000000191,0,2287,0,0,6,,,180506069,97622447,19684244,199522,50095586,1849804,281465,7527
run_523,64.79999999999927,0.049999999999954525,0,2291,0,0,7,,,166324668,97754407,21289348,214808,53355201,1751433,272879,7771
run_524,55.900000000001455,7.990000000000009,0,2281,0,0,7,,,171721047,95567820,19363535,200529,51248405,1881756,286762,10026
run_525,57.39999999999782,3.75,0,2283,0,0,7,,,143604893,99717966,24097713,285897,55925193,1593259,272784,829
run_526,58.79999999999927,4.160000000000082,0,2297,0,0,6,,,179847089,95038375,19777703,195715,50833696,1817217,279995,3943
run_527,60.900000000001455,4.0499999999999545,0,2270,0,0,5,,,186787512,99109974,20542072,187917,48020021,1854762,297337,8126
run_528,60.60000000000218,4.029999999999973,0,2275,0,0,7,,,176373306,96203850,19651056,198311,51163389,1829125,281103,6890
run_529,64.29999999999927,0.01999999999998181,0,2285,0,0,6,,,159169604,96829925,22627082,229384,55075442,1693502,275397,7592
run_530,56.599999999998545,8.0300000000002,0,2288,0,0,7,,,176976694,98923262,19748027,201620,50758415,1844614,273686,8040
run_531,59.89999999999782,3.769999999999982,0,2286,0,0,8,,,158715794,98214470,22966978,245865,55908851,1654040,271423,7952
run_532,59.89999999999782,3.990000000000009,0,2277,0,0,7,,,169799890,97143991,20548110,206525,52589318,1801205,270957,7818
run_533,61.099999999998545,0.05999999999994543,0,2291,0,0,6,,,167847139,90930476,19894707,210712,55272090,1778722,267193,1230
run_534,60.099999999998545,4.0,0,2289,0,0,7,,,171137842,96578097,19973623,203341,52026374,1828525,274720,4960
run_535,65.5,0.07999999999992724,0,2272,0,0,7,,,189871738,99820815,20901088,187315,47384255,1831857,293292,8019
run_536,57.69999999999709,3.8700000000001182,0,2281,0,0,7,,,166181773,92843964,20362021,214048,55378842,1770302,266226,2402
run_537,55.0,7.9500000000000455,0,2284,0,0,6,,,177580089,93535985,19719781,202896,52007262,1820665,279691,1454
run_538,59.89999999999418,4.0,0,2288,0,0,8,,,177386406,97625390,19667323,201931,50446308,1857149,280728,8163
run_539,60.5,4.029999999999973,0,2285,0,0,5,,,163811448,97380664,21732497,219581,54212954,1725740,272248,8224
run_540,59.900000000001455,3.990000000000009,0,2286,0,0,7,,,178800270,96805665,19674154,197079,50654511,1823354,281228,7282
run_541,64.59999999999854,0.029999999999972715,0,2292,0,0,6,,,162533289,97353798,22173310,221270,54680044,1688210,271571,7089
run_542,64.59999999999854,0.029999999999972715,0,2284,0,0,7,,,177464003,97725994,19641238,200937,50914776,1859331,281963,7120
run_543,64.5,0.0,0,2270,0,0,6,,,160324027,98588185,22665659,225366,54812799,1690231,282966,7513
run_544,61.0,3.6400000000001,0,2286,0,0,8,,,179484190,96458417,19435318,196413,50124187,1858168,282716,7063
run_545,64.30000000000291,0.01999999999998181,0,2282,0,0,7,,,161358772,97725796,22398632,223504,54666307,1698289,279368,6998
run_546,56.69999999999709,7.809999999999945,0,2286,0,0,9,,,178402790,97396810,19475938,198120,50519564,1865355,288492,8350
run_547,60.60000000000582,4.029999999999973,0,2284,0,0,6,,,164019700,97598716,21955454,227416,53920593,1725585,277912,7942
run_548,60.69999999999709,3.8099999999999454,0,2288,0,0,7,,,181995304,96396110,19586686,190788,49435929,1852539,281827,7265
run_549,60.900000000001455,4.050000000000182,0,2287,0,0,8,,,168015603,97541353,20765260,206652,52353050,1772797,276565,7228
run_550,52.30000000000291,12.019999999999982,0,2287,0,0,6,,,182305385,97977561,19527843,191956,48874911,1873276,292970,7898
run_551,61.200000000004366,4.069999999999936,0,2272,0,0,6,,,177817931,98448347,19555001,199413,50954249,1856378,283853,7346
run_552,61.299999999995634,3.740000000000009,0,2283,0,0,7,,,165495125,97865504,21815038,219792,53671007,1718661,276892,8028
run_553,60.400000000001455,4.020000000000209,0,2285,0,0,6,,,183262357,96932328,19593090,192828,49354350,1864413,280325,7339
run_554,64.90000000000146,0.05999999999994543,0,2288,0,0,6,,,166778838,99140193,21659149,222361,52365834,1755221,281777,7400
run_555,57.30000000000291,4.069999999999936,0,2279,0,0,6,,,170210573,91359460,19759194,205697,53750568,1818417,285034,1175
run_556,59.19999999999709,3.9500000000000455,0,2292,0,0,7,,,172355596,93496912,19709316,202813,52679913,1809028,273212,4454
run_557,64.5,0.03999999999996362,0,2290,0,0,6,,,182472275,97042572,19697909,188652,48716935,1870914,288561,7636
run_558,60.400000000001455,4.019999999999982,0,2275,0,0,7,,,166070852,98624402,21231994,217504,52762746,1786761,278846,7621
run_559,57.599999999998545,8.090000000000146,0,2273,0,0,6,,,188080863,99595808,20934706,185272,47469192,1817816,293488,7842
run_560,57.60000000000582,7.8599999999999,0,2287,0,0,7,,,185472489,98814641,19551241,192257,48523596,1863732,291902,7771
run_561,62.099999999998545,3.8900000000001,0,2286,0,0,7,,,178396600,100173231,19511145,197947,50231884,1862599,283275,7485
run_562,61.0,4.059999999999945,0,2292,0,0,6,,,172655207,97497989,20027626,207230,51612203,1835679,277655,7372
run_563,60.0,4.0,0,2275,0,0,7,,,176798470,97137883,19426655,191637,49942288,1858387,295068,9378
run_564,61.0,4.059999999999945,0,2292,0,0,7,,,173861912,96589512,19711453,202125,51514758,1831298,268886,6777
run_565,61.19999999999709,4.069999999999936,0,2293,0,0,6,,,191287922,99144149,20636934,184162,46727861,1808757,291060,9429
run_566,61.700000000004366,3.8700000000001182,0,2270,0,0,7,,,185559297,99065074,19577454,196408,49091861,1888541,299748,7435
run_567,56.5,8.029999999999973,0,2275,0,0,8,,,175095582,96865665,19748657,196711,51325700,1827150,270923,8044
run_568,64.80000000000291,0.049999999999954525,0,2289,0,0,7,,,188735712,99526869,20646553,183129,47165341,1826379,287158,8005
run_569,57.69999999999709,3.8600000000001273,0,2288,0,0,6,,,168294862,92177598,20026543,221794,55625814,1796756,266105,1520
run_570,63.299999999995634,0.0,0,2288,0,0,6,,,173959185,93824470,19674966,206704,52383190,1833430,276840,2598
run_571,60.0,3.9700000000000273,0,2280,0,0,9,,,178775778,97179679,19553993,191236,50122121,1868213,290287,7806
run_572,64.19999999999709,0.009999999999990905,0,2289,0,0,6,,,163037832,96332509,21919037,218138,54488577,1710651,271912,7536
run_573,60.700000000004366,3.8099999999999454,0,2287,0,0,6,,,178481811,97215490,19495350,195675,50622125,1854753,283738,8066
run_574,60.799999999995634,0.049999999999954525,0,2272,0,0,8,,,142650545,101459547,24137612,290013,55965487,1597494,276812,682
run_575,63.60000000000582,0.21000000000003638,0,2281,0,0,6,,,179837679,95440015,19535219,190741,50460638,1855297,285284,6403
run_576,61.299999999995634,0.07999999999992724,0,2285,0,0,6,,,144139268,100863419,24824690,289226,56143166,1591390,277113,501
run_577,59.200000000004366,4.180000000000064,0,2287,0,0,7,,,180629825,94565048,19685447,195371,50501639,1850830,278853,4574
run_578,60.0,3.9899999999997817,0,2287,0,0,8,,,183719411,97094793,19608351,188885,48321403,1869432,292708,7655
run_579,60.19999999999709,0.009999999999763531,0,2285,0,0,6,,,148270853,98183808,22599014,276146,55580516,1659696,264297,673
run_580,59.200000000004366,4.190000000000055,0,2294,0,0,7,,,180289084,93964937,19656019,194406,50136361,1850332,288520,3886
run_581,57.0,4.059999999999945,0,2280,0,0,7,,,173454387,91319733,19838171,199215,52513085,1827649,284138,758
run_582,59.5,3.980000000000018,0,2273,0,0,6,,,177821993,96989911,19667055,200268,51403021,1837793,285832,5969
run_583,60.700000000004366,4.039999999999964,0,2285,0,0,6,,,186707341,97796920,20425616,187061,47642502,1842215,284873,7647
run_584,57.599999999998545,7.859999999999673,0,2285,0,0,7,,,179756160,99887089,19546251,194839,50168333,1850545,281300,8466
run_585,61.0,4.059999999999945,0,2285,0,0,9,,,161249407,97566546,21547164,215962,52576934,1814026,286904,10994
run_586,60.799999999995634,4.050000000000182,0,2281,0,0,7,,,188015600,98394653,20752955,185511,47539123,1846038,294887,8482
run_587,59.60000000000582,3.980000000000018,0,2292,0,0,6,,,164415713,95340877,20845627,207748,52527428,1817087,281539,8771
run_588,65.69999999999709,0.09999999999990905,0,2283,0,0,7,,,191467910,99212793,20546545,180536,46696872,1790027,289011,8060
run_589,65.70000000000437,0.0,0,2284,0,0,6,,,184905554,100056816,19965409,192996,48837347,1853658,292529,8078
run_590,65.19999999999709,0.0,0,2271,0,0,7,,,177436533,99635834,19674647,195945,50511039,1853104,282878,7510
run_591,65.30000000000291,0.0,0,2285,0,0,6,,,167395205,98871976,21286708,215734,52173545,1753752,277383,7475
run_592,60.80000000000291,3.8400000000001455,0,2287,0,0,8,,,183358635,98533668,19567494,189795,48429909,1865884,284744,7478
run_593,65.69999999999709,0.0,0,2287,0,0,7,,,179689424,99450278,19516989,198535,50044924,1869520,287741,7192
run_594,64.29999999999563,0.0,0,2283,0,0,6,,,165049575,98022066,21451175,219999,53560562,1752569,274061,7573
run_595,60.0,3.900000000000091,0,2285,0,0,6,,,176352092,96460540,19653564,197190,50736803,1832431,276537,7443
run_596,60.69999999999709,4.039999999999964,0,2293,0,0,8,,,162313922,98378548,22598986,221973,54249014,1685151,277659,6626
run_597,65.80000000000291,0.0,0,2272,0,0,7,,,182937245,100639082,19705631,191245,49197376,1871323,302862,8659
run_598,61.30000000000291,0.0,0,2276,0,0,6,,,158731540,94767004,21605256,244124,55851102,1746362,269606,1597
run_599,64.59999999999854,0.0,0,2287,0,0,6,,,166528882,96404421,21087657,216850,53034023,1765698,279603,5077
run_600,57.400000000001455,7.850000000000364,0,2287,0,0,6,,,182367439,99560259,19403610,192349,49519868,1864656,295215,8481
run_601,60.80000000000291,4.049999999999727,0,2291,0,0,6,,,173407511,97991526,19853900,205092,51152611,1845290,277411,8306
run_602,65.59999999999854,0.08999999999969077,0,2279,0,0,6,,,189918814,101823316,21266209,184453,46818866,1732806,296542,13747
run_603,60.400000000001455,4.0300000000002,0,2291,0,0,8,,,183286257,97935590,19560498,184666,48605814,1857164,284249,8527
run_604,61.900000000001455,0.0,0,2290,0,0,7,,,158586265,94449205,21643635,228820,55909537,1736413,270598,1863
run_605,63.700000000004366,0.0,0,2272,0,0,6,,,164327502,97385734,21488852,222091,54562300,1759386,277651,5338
run_606,61.0,0.0,0,2278,0,0,7,,,160708089,94738680,21045936,229170,55862061,1763843,266582,1949
run_607,63.80000000000291,0.0,0,2288,0,0,7,,,164065106,96290997,21597396,222307,54752923,1735634,272014,5220
run_608,65.09999999999854,0.0,0,2287,0,0,8,,,176405883,99012533,19597560,197967,50471948,1851416,279222,7844
run_609,64.70000000000437,0.0,0,2289,0,0,6,,,165573298,99126779,21875372,221548,52925488,1734493,278222,9102
run_610,56.80000000000291,3.6399999999998727,0,2284,0,0,8,,,167697068,92005348,20043990,212905,55478376,1777367,268312,1677
run_611,63.900000000001455,0.0,0,2287,0,0,6,,,167373031,96001528,20744232,207953,52983110,1770880,275174,5579
run_612,56.5,8.029999999999745,0,2285,0,0,6,,,181818708,98771513,19707624,192304,49353996,1850285,283952,7880
run_613,64.70000000000437,0.03999999999996362,0,2273,0,0,8,,,166245045,98850585,21695558,218453,52805453,1768938,283293,7881
run_614,59.299999999995634,4.179999999999836,0,2286,0,0,6,,,179214272,96534090,19779947,194754,49848384,1835689,282418,7739
run_615,61.200000000004366,3.7199999999998,0,2283,0,0,7,,,163958585,99153911,22417682,222760,53647223,1705412,283184,7896
run_616,57.69999999999709,3.7600000000002183,0,2289,0,0,6,,,169480917,90936097,19738482,208078,54433901,1816927,279592,1423
run_617,55.900000000001455,8.0,0,2287,0,0,7,,,172682816,94651890,19561502,202511,51833341,1845593,278228,5357
run_618,56.200000000004366,4.0099999999997635,0,2283,0,0,5,,,165989044,90723806,20047130,210997,55554271,1778784,265793,970
run_619,63.900000000001455,0.0,0,2234,0,0,6,,,166248533,95643310,21103692,215248,53687438,1772427,276086,5472
run_620,64.40000000000146,0.0,0,2280,0,0,7,,,178739211,97323424,19589802,194650,50432817,1859015,284566,7361
run_621,60.599999999998545,3.8399999999996908,0,2272,0,0,8,,,164045627,98249711,22095316,219492,54059874,1725056,279881,7699
run_622,60.5,3.800000000000182,0,2287,0,0,6,,,178336526,97343712,19557480,200612,50323205,1855865,285688,7227
run_623,64.59999999999854,0.02999999999974534,0,2286,0,0,5,,,162560785,97197444,22228243,219878,54350618,1707402,275923,7035
run_624,61.80000000000291,3.869999999999891,0,2285,0,0,8,,,182779784,99384053,19520437,192668,49006884,1868469,292992,7809
run_625,57.900000000001455,3.880000000000109,0,2277,0,0,7,,,162181155,93438362,21002388,227446,55885322,1786420,270915,1256
run_626,63.5,0.0,0,2294,0,0,7,,,163826722,96427631,21442873,218805,54556241,1720361,266880,5570
run_627,57.5,3.8299999999999272,0,2287,0,0,7,,,161947590,92360849,20961524,217118,55976514,1779091,271262,1041
run_628,64.5,0.02999999999974534,0,2283,0,0,7,,,167623838,97800201,21249251,214347,52605886,1791947,281300,6763
run_629,64.30000000000291,0.01999999999998181,0,2271,0,0,6,,,180429941,98374342,19585534,191170,49706048,1868194,288394,8283
run_630,65.0,0.05999999999994543,0,2290,0,0,6,,,169580330,97357259,20480716,214291,51915836,1829488,274776,7947
run_631,64.59999999999854,0.03000000000020009,0,2287,0,0,7,,,184776158,98244288,19863284,190044,48271902,1863154,288699,8332
run_632,61.80000000000291,3.880000000000109,0,2288,0,0,7,,,176392081,100211412,19731984,200856,50116449,1866849,280612,8276
run_633,61.400000000001455,0.07999999999992724,0,2282,0,0,6,,,152027878,96893624,22772093,269349,56086947,1684206,272386,868
run_634,60.5,4.019999999999982,0,2286,0,0,6,,,160097421,96061942,22441391,221354,55116052,1692603,278391,4004
run_635,64.80000000000291,0.0,0,2296,0,0,9,,,179492105,96750636,19538541,193712,50015490,1847010,282828,7402
run_636,61.80000000000291,3.9299999999998363,0,2272,0,0,6,,,170518513,99385104,20879461,208429,51855156,1816287,286790,7352
run_637,57.099999999998545,4.0600000000004,0,2277,0,0,5,,,173755397,90993836,19797629,200830,52659557,1821499,278107,1245
run_638,55.60000000000582,7.970000000000255,0,2290,0,0,8,,,181062103,96627660,19769458,202247,50790252,1828195,276783,6384
run_639,61.299999999995634,0.07999999999992724,0,2286,0,0,6,,,172608134,92455450,19750708,204345,52320279,1835226,290119,1273
run_640,55.39999999999418,8.190000000000055,0,2289,0,0,7,,,179129051,95010242,19500695,195694,50889670,1860033,289536,5717
run_641,60.5,4.029999999999745,0,2281,0,0,5,,,259584534,97627647,20412549,156622,43338660,1845784,363027,7725
run_642,64.5,0.03999999999996362,0,2290,0,0,7,,,176683375,97868353,19556764,194567,50778689,1837407,276883,6618
run_643,61.30000000000291,0.07000000000016371,0,2290,0,0,6,,,144633095,99434747,24411505,290490,56055586,1601311,276158,543
run_644,59.80000000000291,3.9900000000002365,0,2271,0,0,6,,,181356916,96590114,19603105,194289,50246849,1877658,293368,5895
run_645,64.40000000000146,0.02999999999974534,0,2280,0,0,6,,,160658098,98126806,22517807,222714,54369991,1685651,275014,7417
run_646,65.0,0.0,0,2229,0,0,9,,,179714835,97686559,19327839,191702,49880507,1895328,291171,7472
run_647,61.099999999998545,3.900000000000091,0,2228,0,0,6,,,162779860,98287743,21689106,221654,52430404,1784755,285295,8619
run_648,61.10000000000582,4.070000000000164,0,2289,0,0,6,,,188080424,98580514,20718086,186721,47416630,1824029,285594,7450
run_649,61.400000000001455,3.850000000000364,0,2283,0,0,8,,,179616558,98337361,19451272,189355,49554767,1860409,291605,7671
run_650,60.400000000001455,4.0300000000002,0,2229,0,0,6,,,169286608,96756528,20640247,207524,52203862,1802475,274862,6897
run_651,61.19999999999709,4.069999999999709,0,2283,0,0,6,,,184268891,99287842,20183290,188796,48457295,1846064,289344,7230
run_652,61.599999999998545,0.0,0,2275,0,0,7,,,163827285,93261422,20743649,224857,55955931,1790376,270408,854
run_653,60.0,3.8700000000003456,0,2287,0,0,6,,,163845400,95812747,21168066,214760,53839189,1751212,272886,5200
run_654,61.200000000004366,3.8400000000001455,0,2224,0,0,7,,,180497439,99080556,19483291,194668,49648952,1866288,285313,7855
run_655,57.099999999998545,8.070000000000164,0,2289,0,0,6,,,175300314,97783397,19572407,202330,51021765,1849044,273925,7011
run_656,64.40000000000146,0.01999999999998181,0,2225,0,0,8,,,159287942,97862419,22778522,228457,54899239,1681916,274601,8034
run_657,60.400000000001455,4.019999999999982,0,2226,0,0,6,,,177784276,97549030,19610649,192722,50624571,1832371,274914,7327
run_658,64.90000000000146,0.05999999999994543,0,2289,0,0,6,,,162698862,98844467,22550453,219069,53822086,1673270,274547,7365
run_659,57.400000000001455,7.859999999999673,0,2225,0,0,7,,,181451848,99124636,19515690,192787,49482798,1872854,288919,8374
run_660,60.700000000004366,4.039999999999964,0,2212,0,0,7,,,171810094,98549697,20176948,207050,51515595,1848835,277523,7875
run_661,57.099999999998545,8.050000000000182,0,2226,0,0,6,,,187981256,99235530,20906432,183634,47451574,1823378,287070,8499
run_662,61.60000000000582,0.0,0,2229,0,0,7,,,170944070,92436463,19862617,211260,54880673,1803415,271947,2369
run_663,56.0,7.880000000000109,0,2230,0,0,6,,,178349204,94664724,19614666,201546,51351402,1855856,279221,4207
run_664,54.099999999998545,8.11999999999989,0,2218,0,0,6,,,172608457,93978840,19777493,199344,51580103,1837069,286282,3583
run_665,63.0,0.0,0,2230,0,0,6,,,159001856,93982595,21527829,218490,55711497,1709844,259937,2044
run_666,60.799999999995634,0.0,0,2228,0,0,6,,,148271919,97981291,23418897,292580,55976423,1640974,268813,951
run_667,55.900000000001455,8.0,0,2277,0,0,7,,,185443357,97273734,19707138,195331,49088715,1868313,280982,4700
run_668,58.700000000004366,3.9299999999998363,0,2273,0,0,6,,,159559925,97420838,22590097,226110,56098135,1663834,269018,1417
run_669,59.69999999999709,3.9900000000002365,0,2289,0,0,6,,,167517011,96083740,20571193,218190,53493743,1791683,269154,4343
run_670,56.69999999999709,3.8200000000001637,0,2287,0,0,6,,,164106716,94001599,20682627,241978,55600964,1766962,260326,1527
run_671,64.40000000000146,0.02999999999974534,0,2232,0,0,7,,,165019220,96673532,21575731,221275,54024213,1749187,277477,5743
run_672,61.700000000004366,3.869999999999891,0,2281,0,0,7,,,184786950,99575481,19893799,187423,48631525,1846207,291390,7812
run_673,60.400000000001455,4.019999999999982,0,2224,0,0,7,,,174980286,96588837,19667084,197020,51288553,1829311,270622,7142
run_674,64.5,0.03000000000020009,0,2237,0,0,7,,,188403374,97713852,19708567,186042,47085813,1856069,284797,7539
run_675,64.40000000000146,0.01999999999998181,0,2213,0,0,6,,,173082148,98268134,20056685,207365,51629373,1856972,278344,7348
run_676,60.900000000001455,4.049999999999727,0,2217,0,0,6,,,188472689,99384195,20673643,182623,47211937,1822660,289617,8230
run_677,58.099999999998545,7.889999999999873,0,2226,0,0,7,,,184813341,99594825,19470295,193476,48777983,1863334,291274,7748
run_678,60.5,4.0300000000002,0,2229,0,0,8,,,174322373,97878064,19695627,205383,51373129,1845400,272273,8125
run_679,61.19999999999709,4.070000000000164,0,2227,0,0,7,,,261706439,100037181,20347978,158656,42049690,1782507,354385,7961
run_680,56.5,8.029999999999745,0,2277,0,0,6,,,180415490,98236198,19645791,198871,49386228,1848835,280635,7177
run_681,60.700000000004366,4.039999999999964,0,2232,0,0,7,,,170972919,95904629,20348131,207915,52107813,1818443,269683,6719
run_682,58.0,8.120000000000346,0,2230,0,0,7,,,185414007,104171077,20930513,179850,47711276,1765876,296989,8114
run_683,57.400000000001455,7.849999999999909,0,2214,0,0,6,,,183517668,100248871,19469507,193629,49254115,1892519,291803,7677
run_684,60.400000000001455,4.019999999999982,0,2222,0,0,6,,,171109732,96714088,20218492,199992,51832787,1814242,268548,7605
run_685,61.599999999998545,4.0900000000001455,0,2225,0,0,7,,,187697229,100496203,21057359,188645,47195308,1813360,287027,7838
run_686,57.69999999999709,3.8799999999996544,0,2229,0,0,7,,,168669401,91995009,19882411,213680,54820087,1813240,272447,2576
run_687,55.80000000000291,7.9900000000002365,0,2285,0,0,7,,,172627171,95904952,19761208,206674,52139324,1813165,266397,4513
run_688,61.19999999999709,4.069999999999709,0,2286,0,0,8,,,184809628,99117730,20253598,186773,48133871,1822392,283678,7251
run_689,53.89999999999418,7.880000000000109,0,2232,0,0,6,,,165678380,90920810,20244179,217516,55900230,1789637,263563,2660
run_690,59.69999999999709,3.9899999999997817,0,2284,0,0,7,,,167425773,95561908,20640212,210730,53619595,1810741,271779,3818
run_691,61.5,0.0,0,2270,0,0,6,,,167963702,92750926,20265469,217511,55140767,1797651,270299,1718
run_692,59.700000000004366,3.849999999999909,0,2227,0,0,6,,,170179634,96329025,20122900,209476,52797225,1809662,265530,6344
run_693,56.80000000000291,8.039999999999964,0,2282,0,0,7,,,182335651,98758914,19507891,190845,49205045,1853284,291860,7268
run_694,60.599999999998545,4.039999999999964,0,2286,0,0,6,,,170704942,98972688,20609551,213216,51728941,1797544,272685,7338
run_695,60.700000000004366,4.050000000000182,0,2284,0,0,7,,,184973199,99832007,19905874,189505,48032702,1856271,280255,7829
run_696,59.400000000001455,3.9600000000000364,0,2288,0,0,6,,,170833719,96195066,20332839,210760,53113466,1778003,261101,6355
run_697,60.69999999999709,0.0,0,2228,0,0,6,,,166853569,92571307,20128163,214100,55636715,1778884,263189,2026
run_698,59.60000000000582,0.0,0,2228,0,0,6,,,137947949,101842170,25042672,299103,56000015,1580914,278419,260
run_699,63.5,0.0,0,2214,0,0,6,,,175141558,96058493,19711619,202489,51976166,1833944,275850,4367
run_700,60.099999999998545,3.7899999999999636,0,2224,0,0,7,,,180873215,97499210,19737116,194277,49230754,1853132,282553,7263
run_701,60.900000000001455,0.0500000000001819,0,2285,0,0,6,,,144836541,99083088,23718347,285660,55909822,1611176,267303,627
run_702,64.20000000000437,0.010000000000218279,0,2288,0,0,6,,,182544244,98155059,19406255,195821,49725893,1859990,285810,6748
run_703,61.19999999999709,0.06999999999970896,0,2279,0,0,7,,,152544115,97508029,22556298,272189,55864830,1676739,266570,1045
run_704,56.400000000001455,4.019999999999982,0,2232,0,0,8,,,165344558,92245056,19913932,209806,54726606,1754858,266746,4038
run_705,63.0,3.9399999999996,0,2231,0,0,7,,,186233996,98961170,20404023,179238,48778763,1831882,306758,9329
run_706,59.299999999995634,7.960000000000036,0,2217,0,0,7,,,189895211,101981381,21395856,188223,47268323,1734305,294210,9485
run_707,62.30000000000291,4.130000000000109,0,2273,0,0,7,,,193093451,100990032,21019934,183766,46311491,1729428,289853,9045
run_708,58.0,8.110000000000127,0,2287,0,0,7,,,187270507,99947017,21081298,186506,47362750,1781223,293188,8768
run_709,63.400000000001455,3.9600000000000364,0,2286,0,0,8,,,188288993,100685680,21628904,187566,46873511,1707984,299397,8834
run_710,66.0,0.11000000000012733,0,2232,0,0,7,,,164805272,99735984,22227627,216905,53024776,1705471,276913,8345
run_711,66.5,0.1499999999996362,0,2217,0,0,6,,,192981905,100179966,20528364,181227,46293231,1714616,293613,9027
run_712,66.19999999999709,0.13000000000010914,0,2292,0,0,6,,,167327417,98581080,21554721,213358,52540089,1719604,273481,8553
run_713,67.10000000000582,0.1799999999998363,0,2293,0,0,7,,,195922736,101903723,21108060,180806,45355542,1677460,297075,8487
run_714,66.69999999999709,0.0,0,2270,0,0,6,,,171472197,100798933,21166905,212841,51469209,1782250,287579,8723
run_715,66.20000000000437,0.06000000000040018,0,2275,0,0,6,,,166253508,99658137,21709599,213062,51767297,1737697,276037,9239
run_716,62.0,3.7800000000002,0,2289,0,0,6,,,167118819,99658659,21377652,212291,52320320,1759523,277281,9876
run_717,58.599999999998545,4.150000000000091,0,2288,0,0,6,,,176886846,93559710,19642370,200775,50604146,1842916,286952,3185
run_718,60.5,4.029999999999745,0,2229,0,0,6,,,189601399,98863490,19906364,187707,47512356,1843422,284538,7278
run_719,60.5,4.019999999999982,0,2222,0,0,6,,,174535085,98902277,19797705,203250,51134846,1836510,271207,7893
run_720,65.19999999999709,0.05999999999994543,0,2230,0,0,7,,,162473281,97619282,22330922,223524,54022307,1681847,273046,7042
run_721,58.200000000004366,3.900000000000091,0,2228,0,0,6,,,171642568,91908680,19694907,203982,53478296,1815653,277140,2091
run_722,59.69999999999709,3.9899999999997817,0,2272,0,0,6,,,160374478,96785677,21559967,217218,52760137,1821635,288670,9728
run_723,56.700000000004366,8.039999999999964,0,2281,0,0,7,,,185931237,98052689,20048905,188172,47662492,1853744,282931,7307
run_724,64.80000000000291,0.03999999999996362,0,2285,0,0,8,,,173769942,98127367,20212715,201401,51161121,1836627,271449,7774
run_725,57.400000000001455,4.080000000000382,0,2287,0,0,5,,,144862068,99971984,24491054,288121,56134557,1585883,274195,714
run_726,55.89999999999418,7.989999999999782,0,2287,0,0,8,,,182004502,96914001,19735044,195615,49277060,1847542,285216,5742
run_727,60.599999999998545,4.029999999999745,0,2285,0,0,6,,,165690059,96493004,21206442,208419,53036379,1747963,269204,6876
run_728,52.69999999999709,12.039999999999964,0,2294,0,0,8,,,182021322,98263058,19557120,191041,48791874,1845106,288126,7547
run_729,64.89999999999418,0.04999999999972715,0,2280,0,0,7,,,170814150,98031531,20438860,210585,51677108,1846276,275621,7489
run_730,61.099999999998545,4.059999999999945,0,2273,0,0,7,,,187654099,99836100,20933848,188969,47251220,1806711,294008,7778
run_731,53.5,7.859999999999673,0,2285,0,0,7,,,166929691,90854868,19929355,212593,55496134,1763423,264736,1586
run_732,59.80000000000291,0.0,0,2285,0,0,7,,,143510388,98763009,23804598,282050,55793742,1608527,275269,464
run_733,64.40000000000146,0.01999999999998181,0,2285,0,0,7,,,183292113,97022601,19400728,189814,49546430,1874514,290189,6127
run_734,64.19999999999709,0.009999999999763531,0,2222,0,0,6,,,164402192,98054502,21537520,214654,53642376,1749074,269085,8245
run_735,64.59999999999854,0.0,0,2232,0,0,7,,,183168307,97394612,19664379,189107,49071522,1854913,282305,8271
run_736,60.400000000001455,3.8299999999999272,0,2283,0,0,7,,,165848554,96541159,21137859,211133,53750977,1737625,265416,7298
run_737,60.900000000001455,3.8200000000001637,0,2225,0,0,8,,,180736334,98233699,19492157,193050,49711430,1878660,288761,7961
run_738,57.599999999998545,4.0900000000001455,0,2271,0,0,7,,,153332388,97000447,22534854,272101,55961141,1682310,267000,1396
run_739,59.69999999999709,3.980000000000018,0,2285,0,0,7,,,157978787,96999875,22874647,248397,56357867,1643856,268251,5197
run_740,61.799999999995634,0.0,0,2287,0,0,6,,,158317336,94222339,21646352,258355,55848166,1729665,267910,1273
run_741,63.5,0.0,0,2287,0,0,6,,,163237062,95926292,21719590,226798,55447751,1719703,268425,4612
run_742,64.79999999999563,0.0,0,2283,0,0,8,,,173995350,98377862,20225498,203485,50960424,1839613,278242,6498
run_743,65.09999999999854,0.0,0,2226,0,0,6,,,166006178,96886814,21517916,214717,53290733,1730587,273764,7215
run_744,53.0,7.809999999999945,0,2293,0,0,5,,,166163810,91496746,20066763,213604,55436814,1758148,265952,1435
run_745,59.700000000004366,3.980000000000018,0,2272,0,0,6,,,166762971,96142534,20965989,216718,54153222,1783219,274756,3658
run_746,59.900000000001455,3.9900000000002365,0,2276,0,0,7,,,174788586,97003551,19740484,201655,51380274,1816579,270142,6351
run_747,57.299999999995634,4.070000000000164,0,2287,0,0,7,,,141556564,100136204,24841138,289717,56107234,1570727,273229,569
run_748,55.30000000000291,7.960000000000036,0,2287,0,0,7,,,179450601,95100287,19666573,202902,51626819,1831131,282017,4411
run_749,59.80000000000291,3.9899999999997817,0,2231,0,0,8,,,181153811,97958980,19762097,195447,48935597,1859485,276713,8359
run_750,60.0,4.0,0,2221,0,0,6,,,167031636,98562104,21276494,217143,53542459,1752919,269499,7517
run_751,61.0,3.8299999999999272,0,2232,0,0,6,,,180428153,97669248,19488763,191312,49410656,1849479,284075,7604
run_752,65.0,0.05999999999994543,0,2290,0,0,7,,,169849092,97676923,20641940,211006,51892744,1781160,273146,7239
run_753,64.89999999999418,0.05999999999994543,0,2272,0,0,7,,,187195814,99123283,20673907,192218,47970959,1864418,291155,7974
run_754,61.19999999999709,0.0,0,2278,0,0,6,,,164947324,94047161,20557541,218565,55636007,1760773,263419,1863
run_755,59.30000000000291,3.8200000000001637,0,2288,0,0,6,,,162169044,95085637,21316977,223608,55527287,1735045,272038,5062
run_756,60.30000000000291,4.019999999999982,0,2287,0,0,8,,,169412879,97455681,20737588,206876,51808419,1820705,278569,7341
run_757,61.80000000000291,0.09999999999990905,0,2289,0,0,6,,,174664625,92037403,19745721,200963,51708976,1826737,274827,2091
run_758,58.599999999998545,4.140000000000327,0,2225,0,0,7,,,182140577,94074085,19725214,194820,50233293,1848671,281195,3626
run_759,56.599999999998545,4.0300000000002,0,2287,0,0,6,,,168048985,90379661,19850862,209637,54904605,1776366,279825,1447
run_760,55.0,7.940000000000055,0,2227,0,0,6,,,168308529,94852756,20126433,214748,54426014,1798914,269312,4634
run_761,57.60000000000582,7.860000000000127,0,2273,0,0,6,,,178162615,97864101,19428495,194914,50387054,1888998,284713,7294
run_762,61.099999999998545,0.05999999999994543,0,2286,0,0,6,,,151086249,97642190,23146478,279264,56027860,1642483,270087,985
run_763,56.19999999999709,8.010000000000218,0,2283,0,0,7,,,188842325,96188992,19075563,188478,48102662,1878043,284880,4814
run_764,64.59999999999854,0.03000000000020009,0,2289,0,0,7,,,171019763,97768375,20373724,209269,51549621,1838414,273214,7150
run_765,64.5,0.01999999999998181,0,2287,0,0,7,,,187346901,97145756,19865137,187509,47637288,1853711,280600,6923
run_766,60.0,4.0,0,2283,0,0,6,,,171765009,96792330,20058335,201866,52037560,1802222,265927,7442
run_767,57.400000000001455,8.079999999999927,0,2294,0,0,7,,,189893858,98813597,20693707,184330,47065281,1798183,286973,7357
run_768,65.0,0.0,0,2280,0,0,7,,,182598095,98614884,19693989,200553,49424793,1863190,285050,7253
run_769,65.39999999999418,0.0,0,2272,0,0,8,,,169275401,99202504,20897526,206835,51845394,1786269,280411,7073
run_770,65.0,0.0,0,2287,0,0,7,,,165213645,98365008,21954088,221081,53962199,1707481,274125,7284
run_771,57.099999999998545,7.819999999999709,0,2227,0,0,6,,,179262126,99093088,19594162,196387,50087901,1846603,276053,8010
run_772,60.80000000000291,4.039999999999964,0,2226,0,0,6,,,167640427,98050506,20983878,214150,52340915,1787413,275494,8022
run_773,61.400000000001455,4.079999999999927,0,2277,0,0,6,,,188711213,99565016,20771273,184621,47566264,1824802,286546,7914
run_774,60.80000000000291,3.8299999999999272,0,2294,0,0,7,,,182619761,96431916,19654754,188740,49418649,1835427,278696,6930
run_775,60.099999999998545,4.0099999999997635,0,2229,0,0,6,,,158681319,96553902,22559247,222764,54358677,1720687,288715,7076
run_776,58.0,3.8900000000003274,0,2283,0,0,7,,,169535441,92041996,19928969,212044,55041042,1801482,268593,1134
run_777,62.799999999995634,0.0,0,2271,0,0,6,,,167428900,94907381,20291895,215241,54416353,1789537,269195,4191
run_778,61.60000000000582,3.800000000000182,0,2290,0,0,10,,,179560629,100373571,19560685,195794,49721275,1844135,277347,7665
run_779,65.40000000000146,0.07999999999992724,0,2228,0,0,6,,,175626211,98334209,19555975,199754,50862217,1852493,278732,8018
run_780,61.599999999998545,0.09000000000014552,0,2288,0,0,5,,,145678435,99503181,24178976,287943,56190818,1616034,276627,812
run_781,58.900000000001455,4.1599999999998545,0,2223,0,0,6,,,182572597,95432441,19722894,195540,49855580,1849561,279762,5333
run_782,60.5,4.0300000000002,0,2286,0,0,6,,,187333443,98032554,20316188,183511,47415667,1822838,283438,7657
run_783,60.400000000001455,4.019999999999982,0,2296,0,0,7,,,174262187,95913120,19648434,197719,51323888,1838096,272895,6598
run_784,65.40000000000146,0.07999999999992724,0,2272,0,0,7,,,164727865,99094083,22505803,224389,53820593,1724209,284754,7481
run_785,56.599999999998545,8.039999999999964,0,2277,0,0,7,,,182367318,97700105,19528805,188661,49034641,1854597,280843,7125
run_786,60.599999999998545,4.029999999999745,0,2290,0,0,7,,,168114543,97722261,20789327,211100,52613618,1768988,273023,7001
run_787,56.599999999998545,8.0300000000002,0,2286,0,0,7,,,183806163,97848370,19600832,194695,48756441,1866963,291664,7360
run_788,60.200000000004366,4.0099999999997635,0,2289,0,0,8,,,166767819,96868200,20882104,213863,52747882,1774286,271726,7149
run_789,56.5,4.019999999999982,0,2281,0,0,6,,,166331848,91790361,20056114,213115,55501119,1774762,268619,886
run_790,63.599999999998545,0.0,0,2290,0,0,7,,,166512307,95583042,20991164,212271,53913456,1752509,267057,4293
run_791,60.10000000000582,3.9900000000002365,0,2290,0,0,6,,,176332898,96000992,19559590,196897,51135455,1837446,277272,6515
run_792,64.0,0.0,0,2271,0,0,7,,,159449379,98841566,23119979,230139,56438732,1655640,272876,6837
run_793,60.30000000000291,4.010000000000218,0,2280,0,0,8,,,169448474,96626680,20091234,205403,52060141,1807322,266745,6566
run_794,52.400000000001455,8.0300000000002,0,2288,0,0,6,,,167985928,90680105,19893897,215934,55574310,1788246,272755,1233
run_795,59.900000000001455,3.9899999999997817,0,2287,0,0,6,,,165669342,96026522,20933694,216038,53496592,1773092,273566,4788
run_796,60.39999999999418,4.0099999999997635,0,2289,0,0,6,,,177793658,97213332,19528491,197033,49950325,1854522,282426,7469
run_797,64.79999999999563,0.04999999999972715,0,2283,0,0,7,,,165077901,98313992,21295345,211462,52602211,1753935,272329,7162
run_798,60.30000000000291,4.019999999999982,0,2288,0,0,6,,,180300883,96851114,19529790,189173,49216945,1853940,284032,7232
run_799,64.90000000000146,0.0500000000001819,0,2283,0,0,9,,,168643021,98698513,20968085,211640,52149803,1781543,277380,7096
run_800,56.700000000004366,8.039999999999964,0,2275,0,0,6,,,185295279,98009690,20182542,188914,48358417,1852404,287634,7321
run_801,11.89999999999418,0.0,0,1,0,0,1,,,150482,144381,22036,1048,32763,0,0,0
