run,bpe_token_time_ms,model_load_time_ms,instructions,cpu_cycles,branch_instr,branch_miss,l1d_access,l1d_miss,l3_access,l3_miss
1,,,,,,,,,,
2,35.5798,50.3049,9999920,30568082,,8170,23981005,695402,50298,3402
3,36.0889,51.8682,9625009,32771401,,8163,22128981,607718,55065,15686
4,61.832,50.9119,10227827,42088375,,45914,14798776,423561,33273,16484
5,35.0779,52.5881,10288088,30718829,,8285,23114441,667307,48040,4607
6,34.9231,51.876,10377247,30027464,,8458,26339128,752103,50801,1594
7,67.7739,52.7051,12692014,41360300,,77998,20475539,409038,31220,13339
8,35.217,76.6528,10258562,30954608,,7840,23850838,678784,50042,4407
9,35.146,52.4348,10167898,30706408,,7823,23652906,693572,49342,4210
10,56.917,52.3079,10350669,42577341,,52864,14071958,472171,40759,17360
11,34.9412,46.967,9151617,32347812,,8371,21225908,616696,55035,16184
12,35.3472,50.822,9535043,31521291,,7973,24749576,737850,49560,1667
13,69.0371,51.98,13171599,41178108,,79832,20811275,429089,30226,12787
14,35.123,50.8682,9437044,31672624,,8106,21825959,637139,46749,14829
15,35.2571,50.4858,10153404,31189173,,8013,23896524,697342,59805,4004
16,70.0239,51.5679,12982523,41170574,,79112,20498493,437083,27172,11900
17,35.7249,73.689,10304421,31579065,,8436,26083845,754491,58179,1442
18,35.0229,52.2131,10309705,30364099,,7910,26214971,757226,44221,1794
19,55.4658,52.531,8956038,40676714,,28155,15458062,411841,42377,17602
20,35.2451,50.9409,9784236,31524257,,8357,26414355,763241,46725,1559
21,35.5078,51.7871,10363427,31368222,,7880,23549956,659509,52084,4645
22,65.9822,50.8372,10255360,41991836,,45577,14738691,419137,32285,17357
23,35.283,50.23,9423719,32609523,,8100,21517437,639704,57094,18037
24,35.106,48.5042,10645484,30875338,,7946,26539486,766051,46050,1928
25,67.312,47.958,10315442,42160156,,45407,14837431,418532,35615,16595
26,35.009,49.1431,10105121,30399316,,8518,23803317,688617,53071,3831
27,35.229,49.252,8708316,33426338,,8189,19771910,591393,48891,16418
28,64.7771,48.3071,12167430,41771898,,79292,19421023,337021,19384,12143
29,35.7971,76.8921,9625552,32525847,,8007,25450661,737580,48857,1716
30,35.1509,49.8169,9965196,31062359,,8096,22951241,648692,48960,15749
31,66.3708,51.2349,9892731,41431401,,48728,14263733,468771,40079,16442
32,35.1509,51.563,10552656,30767801,,8422,26424112,775963,48085,1503
33,35.0491,50.231,10093203,30543588,,7801,23927239,695273,51215,3654
34,65.2949,51.541,9491445,40223364,,45023,14913668,452381,34592,17324
35,35.177,47.561,9190642,32146589,,7951,21404310,628244,48900,15944
36,35.2861,49.782,9679172,30923248,,8236,24553152,733640,48325,1660
37,57.2249,51.3521,9654113,41861705,,37924,15381451,401778,38209,16482
38,35.2219,50.49,10125348,30867332,,8500,23825641,696929,50716,4171
39,35.2231,50.731,10702029,30876901,,8262,26976514,767228,50320,1799
40,66.9719,49.543,12371935,42291957,,79029,19690859,341752,20757,12677
41,35.457,74.8201,9857888,31684569,,7830,22320389,650420,53166,14949
42,35.397,49.365,9862186,31734250,,8268,22349204,647329,53548,14855
43,58.45,51.2332,9479759,40888570,,45466,14941310,476483,33380,16668
44,35.8379,71.644,9715272,32444764,,7916,25637080,751859,49050,1405
45,35.2249,50.394,9915969,31349617,,8259,22351029,641640,58664,15850
46,69.2241,48.2048,13153641,41122870,,79101,20740879,419492,31337,13451
47,35.1638,50.0942,10473423,30668053,,8035,26324762,758459,52070,1653
48,35.3508,50.9702,8581001,33672049,,5608,19385633,594520,51620,16043
49,68.7339,49.3591,13102123,40886815,,80096,20596294,440685,26300,11876
50,36.2581,75.739,9647509,33626205,,7902,21162552,600958,55860,16839
51,35.3701,50.1401,9548654,31408865,,8195,25283088,750894,51471,1358
52,78.394,51.0039,13061091,40981857,,80346,20423283,416973,29319,13611
53,35.4341,49.811,9041731,32531130,,8051,21062663,619206,50395,16420
54,35.8279,49.738,9589351,31822392,,8473,24632105,722667,56801,1736
55,70.3989,45.781,12968802,40958087,,79408,20501046,408728,30007,13858
56,35.9531,73.54,9553902,32674270,,7977,21412549,613693,47468,16343
57,35.6482,49.365,10033584,31863842,,7814,22280230,627111,52192,16251
58,71.762,47.8379,12886798,41173574,,79279,20404710,403778,29404,12978
59,35.7532,46.3201,10235215,31709523,,7862,26068866,769783,53782,1974
60,35.6162,49.394,9665201,32966125,,8140,21697493,614095,58537,14646
61,62.1211,50.5391,11518845,44384075,,53517,13881245,452031,28786,18467
62,35.3599,51.3289,9843147,31581228,,7893,24914020,721866,49101,1809
63,35.2749,51.0759,9814331,31396902,,8209,25739646,764240,52107,1457
64,75.312,50.6211,10452790,42251243,,48934,14377584,433138,33881,17209
65,35.3069,49.5979,9464601,31060764,,7828,24884981,751801,47508,1985
66,35.2529,50.6311,9603083,31038825,,7829,25538716,780199,48519,1569
67,56.6821,51.8818,8969703,40808278,,30059,15433110,420290,37621,16417
68,35.7869,51.438,9547337,32070910,,8423,24818907,740082,49732,1811
69,36.175,52.2568,10531045,32759767,,8145,23277300,628037,48122,9130
70,67.3298,47.46,10770312,43075988,,49747,14211861,436396,29400,17211
71,35.231,52.2119,9750627,31029632,,7806,24474572,736606,49202,1716
72,35.3062,50.3979,9721406,31251873,,8036,24506832,736839,51074,1679
73,65.0159,49.0342,12152506,42471059,,79346,19845449,379418,22067,13219
74,35.927,75.041,10259159,31927105,,8279,23357167,675138,51121,4692
75,35.1931,50.7571,9703226,30461937,,8149,24360448,721103,53772,2077
76,58.5762,50.9321,8904931,40414584,,43898,15056196,443179,41689,15635
77,35.4768,50.0159,9626231,32157935,,8108,21987536,634823,55511,15836
78,35.1221,48.0249,9957756,30886720,,8022,22696855,659165,51579,13567
79,60.1069,47.429,10646287,39187904,,8597,22363726,596193,44698,2350
80,35.134,50.7849,9607884,30564749,,8485,25602189,792350,49311,1640
81,35.3608,51.812,9739260,31116734,,8400,24460108,716383,51760,1993
82,64.7109,50.4509,10241009,42628650,,46562,14795157,417376,36257,18230
83,35.0381,49.833,10140570,30217384,,8005,23566789,686681,48192,4758
84,35.3411,50.675,9685979,31393359,,8209,25224849,781996,54399,1981
85,54.8459,49.177,8981476,41140741,,29256,15445353,406940,47164,17276
86,35.0159,50.1511,10667894,30365936,,8206,26566215,751118,46184,1593
87,35.2109,47.231,10115160,30774413,,8311,22896805,664702,52427,10276
88,77.636,50.812,12903773,41121212,,79612,20393455,399441,29037,12697
89,35.344,62.7832,9681436,31276040,,8147,24606219,733875,54639,1663
90,35.551,47.959,8436177,34296131,,6082,19181083,599312,49560,16400
91,76.165,47.9658,12139959,42208267,,78322,20126613,358565,23588,12426
92,35.396,51.5979,10047496,31058552,,7930,23948234,704993,49881,3744
93,35.8899,75.9551,9992726,31528992,,8433,24000699,700777,46191,2910
94,54.887,49.856,9165863,40917401,,31714,15419924,420942,38553,17094
95,35.314,49.4141,10005169,30957898,,7868,24029534,705665,49205,3024
96,35.291,51.0391,9574094,31112124,,7996,24678416,748010,50951,1508
97,65.208,52.7891,10336301,42204722,,47325,14497236,432913,30406,16463
98,36.0891,47.02,10463589,33883188,,8211,26931322,768037,46152,1535
99,35.4148,50.4458,10181327,30982918,,8038,23522352,689821,48691,3784
100,55.156,52.126,9002917,41120237,,29239,15442614,415305,42449,16199
101,35.5088,48.6108,10418504,31667093,,8226,26172510,767944,46132,1864
102,35.363,52.5459,9780682,31238283,,8255,24458697,728293,54937,1763
103,69.3591,52.051,13119413,41018742,,78079,20432920,429046,26660,11954
104,37.1101,74.365,10544879,34424418,,8143,22449655,610501,53504,17166
105,35.0381,50.4451,10061023,30089491,,8417,22899466,667790,47143,9769
106,64.8669,50.324,10200644,42723215,,47206,14678353,421147,32446,17214
107,35.0339,52.8469,10206026,30545556,,8240,23167800,675611,47142,5824
108,35.0598,52.0759,9875068,30964190,,7874,22527472,650388,52431,15535
109,66.769,48.8811,10693355,42275965,,48968,14495235,422869,32092,18084
110,35.022,50.7761,9988496,30335135,,7966,22758107,672764,48608,11635
111,35.166,51.2329,9252700,32351735,,8118,21445171,626984,48001,16593
112,75.74,50.989,12943687,41134519,,78909,20419706,418433,30447,13288
113,35.3828,74.3259,9625919,31144874,,8136,24517636,724010,48811,1689
114,35.5229,52.439,9979585,31261855,,8052,24050486,707641,50587,2176
115,65.4839,52.063,9592555,41291602,,50110,14409555,474812,41592,16576
116,35.3511,51.491,9841786,31282688,,8386,24324232,742484,54103,1813
117,35.0552,50.7788,10271386,29942065,,8186,26245809,768198,47192,1454
118,69.281,49.729,12766441,41259150,,79019,20501248,404378,31356,13157
119,35.0781,50.05,9943466,30401721,,8315,22695362,659967,50699,13189
120,35.656,76.814,9876196,31496122,,8246,24350623,724521,50039,1699
121,55.6792,51.9419,9260005,41840996,,31808,15448773,430884,41400,19253
122,35.5569,49.8389,9613056,31069834,,7906,25305091,766924,46911,1926
123,35.0681,52.0369,9910942,30766235,,7851,22614346,656423,51174,14250
124,68.679,47.552,12758673,41321145,,79162,20575685,405990,31733,13385
125,35.345,73.9209,10265448,30878364,,8102,26177991,764361,46658,1359
126,35.1399,49.248,9998731,30850786,,9930,24076722,709502,51657,3022
127,66.3398,51.48,10238343,42163681,,47838,14613309,429467,33199,17289
128,35.113,52.2151,9437104,30639978,,8550,24960458,759632,47676,1284
129,35.2019,51.5229,9487419,30921816,,8036,25205614,783202,47852,1525
130,64.8479,51.6709,10420497,42202958,,47515,14752957,430086,30889,16624
131,35.27,51.969,9474606,30985403,,8249,25419114,781226,48648,1363
132,35.1689,51.606,9954197,30949117,,8214,25906511,768389,48501,1553
133,69.103,51.375,14141259,45032813,,80273,20705622,413372,20124,13361
134,35.8091,75.053,9504494,31734721,,8176,24864365,738014,50458,2143
135,35.449,51.5168,10241860,31624098,,8282,23524939,677013,58324,4087
136,55.7429,75.7,9346213,41307721,,33979,15417488,413652,36747,17250
137,35.7971,46.2559,9349507,33050435,,7964,21470483,610947,51563,17303
138,35.1011,50.4111,9315450,30605652,,8619,25206225,767955,48114,1517
139,35.2102,49.7639,10044786,31006634,,8196,24032289,701520,58697,3639
140,35.3689,50.8718,9553193,31750853,,8629,24676659,736089,53796,1397
141,35.123,50.968,9553001,30779666,,8015,24552404,732751,48708,1654
142,76.9539,51.6082,13084796,40994896,,79391,20514583,428041,26391,12180
143,35.178,51.5129,8835141,32486968,,8242,20619833,606383,48858,15436
144,35.9509,52.853,10143239,32006115,,7882,22169852,616529,50394,15949
145,70.7581,46.687,12992576,41029213,,77782,20379883,429728,30483,13752
146,35.064,47.5242,9373413,31785088,,7870,21658412,637876,51252,16544
147,35.3689,48.658,9147384,33454958,,7808,21357861,612585,51886,15529
148,56.7209,50.1531,9060695,40391997,,30824,15421264,417222,35905,16966
149,35.146,50.2209,9753751,31547724,,8037,22296258,650027,52457,15902
150,35.4949,50.679,10143867,32186357,,8015,26298061,772187,51559,1674
151,56.2649,49.4661,9023795,40487989,,29701,15437486,411935,41861,17332
152,35.145,49.541,10160710,30405344,,7971,23613716,689308,53184,4384
153,35.4719,51.2339,9646994,31388964,,7950,24500720,725482,54632,1839
154,68.7651,51.2759,12666255,41267963,,78617,20388989,397714,31174,13276
155,35.9451,50.052,9274034,33600711,,8018,21186287,594508,57583,16460
156,35.1709,50.7419,9895706,30422817,,8478,24101972,708939,51160,2659
157,65.469,49.7671,10096216,41661371,,49531,14900289,465776,32650,17547
158,35.5559,49.9412,9508921,31997135,,7773,21763953,645102,54152,17092
159,35.218,50.853,9944200,31066668,,8295,24228211,716026,54749,2725
160,67.7781,49.8918,12902916,41227063,,78559,20408430,399402,29349,12770
161,35.2661,75.0308,9503893,30939955,,8381,25502046,777316,47614,1378
162,35.218,51.1008,10265031,30864018,,8344,26230264,772175,49847,1603
163,75.311,46.6401,12994388,41180846,,79346,20425080,421776,27410,12068
164,35.375,48.7949,10170733,31365048,,8262,26043004,769568,52068,1718
165,35.2739,47.825,8402838,33849220,,5050,19361075,587309,51337,15833
166,72.9299,49.666,12905997,41046009,,79415,20640469,414381,28674,12712
167,35.321,49.625,9702733,31288919,,8121,24992675,721046,49035,1953
168,35.3811,51.8259,10082539,30898891,,8448,23829223,694954,54547,3931
169,73.2549,51.199,13109285,40986694,,78891,20694749,442822,26910,11849
170,35.2478,49.1531,10178835,30771525,,8131,22947733,660405,54081,9402
171,35.3701,51.2649,10148084,31121830,,8395,23799914,689424,54619,3563
172,65.6418,50.9609,9918310,40199147,,49550,14905616,458647,31150,16598
173,35.167,49.709,10125256,30660380,,8018,23803239,692749,50025,3600
174,35.105,51.8362,9726285,31219147,,8227,22197473,640781,54520,15633
175,63.6318,47.4529,9848065,41449456,,43166,15049770,421106,31982,16050
176,35.1851,51.061,10665798,30890777,,8143,26537753,762935,48696,1879
177,35.3508,47.8169,9460140,30401793,,9595,25388069,769431,49294,1496
178,69.2371,52.2441,12896329,41063844,,78316,20507219,410629,28658,12435
179,35.5479,75.3101,9641756,31118187,,7922,25591364,777598,47824,1612
180,35.373,47.7109,8917154,33176149,,7991,20663831,606791,50051,14366
181,69.1741,50.5781,12921892,41089564,,80320,20475110,409170,28902,12789
182,35.189,51.791,9470147,31716554,,8151,21734357,635392,53564,16299
183,35.124,47.739,8414855,33094340,,6129,19632373,598119,51295,16595
184,65.104,52.259,10179151,42500229,,46308,14774182,433268,33820,17978
185,35.1069,47.7939,10049781,30573918,,8419,25958803,754199,47949,1479
186,35.1431,52.866,10219190,30664949,,8238,23000963,671076,51105,7979
187,70.251,50.821,12924436,41066332,,79659,20554942,412692,29285,12780
188,35.386,76.019,10321323,30928139,,8126,26156917,755741,48758,1724
189,35.6692,77.104,10241605,31169824,,7915,22934655,673018,49219,7465
190,62.79,50.7659,10113094,40986235,,44958,15343102,452130,31514,16724
191,35.384,49.3191,10219268,30865627,,7987,23511266,677864,48393,3531
192,35.2542,50.7219,9965586,31001025,,7967,24128575,710088,47433,2211
193,68.4099,49.8821,12964885,41147663,,79068,20426817,416791,27280,11953
194,35.2559,52.708,10031621,30672162,,8317,23973469,698584,52559,3112
195,35.2141,52.0278,10052247,30771195,,8339,23880193,690220,48912,3406
196,75.4319,52.5488,12704765,41318921,,80085,20317712,392036,32618,13229
197,35.3572,51.2151,9972111,31140239,,8511,24139703,716349,50416,2206
198,35.2891,49.78,9587140,30688265,,8270,24493141,727011,45222,1687
199,58.481,51.1599,9431104,40945152,,47273,14424912,459600,41837,16217
200,35.228,51.894,8844491,33121002,,8350,20549308,604931,55557,16577
201,35.47,50.563,10035215,31961689,,8175,22771801,622423,48684,14874
202,56.6731,50.137,9782911,41935591,,48394,14534079,451389,43162,16366
203,35.2451,51.9941,9570822,31109337,,7940,25900460,765506,48995,1612
204,35.4851,53.031,9399555,32810630,,8133,21387464,630611,51695,18941
205,59.334,48.219,9636982,41411133,,47336,14415804,456039,44372,17424
206,35.303,50.707,10122184,31319153,,7818,22686652,659043,51306,11248
207,35.4009,50.7002,9897176,31220730,,7967,24263518,710543,49192,1919
208,56.7312,52.2659,10024549,42205231,,50488,14340194,470636,44227,17363
209,35.105,52.55,9905413,30494645,,7997,24081456,716345,48391,3350
210,35.1509,50.999,10575155,30750004,,8560,26489206,768243,48214,1344
211,55.7842,52.281,9391634,39179891,,5692,15706224,436884,44716,15388
212,35.239,51.2219,9521364,30742163,,8421,24720060,732578,50761,1809
213,35.093,51.5281,9536428,30434404,,8258,24633352,734749,50404,1709
214,69.7681,52.2839,12782855,41163197,,79854,20537237,409787,30939,12392
215,35.4661,76.9089,9061276,32716900,,7872,21109732,617115,48636,15419
216,35.8418,51.083,10478053,32729347,,8064,23948663,643945,56719,3970
217,66.1821,50.6711,9637796,41003155,,46194,14795772,451592,32621,17430
218,35.7581,48.241,9960617,32771824,,8314,26469947,765698,54478,1609
219,34.9739,52.1211,9438782,30191212,,9740,24952169,753103,50022,1361
220,55.572,51.248,7406024,38209728,,6818,15695139,459362,49154,16524
221,35.3201,76.4399,9296214,32177279,,8299,21463437,623264,53093,16241
222,35.2749,49.6121,9423244,30801402,,8380,24965897,758035,53984,1518
223,53.7981,47.5662,9546796,40926128,,23724,15543861,365814,42869,16175
224,35.812,52.667,8176907,34914038,,4494,18548295,583376,52493,17771
225,35.1472,49.8569,10079125,30439964,,8244,22834160,669827,51649,10763
226,75.178,49.7229,10259115,42101336,,45886,14724501,430780,32826,16900
227,35.1509,48.7698,10110616,30436283,,8108,23720275,706949,52925,5095
228,35.248,48.355,9424416,32031702,,8260,21554189,624487,50072,16373
229,69.304,50.728,13110535,41247292,,78707,20825227,431009,26687,11214
230,35.012,52.1101,8313642,33067200,,5236,19393409,590719,51326,15588
231,35.5032,50.7061,9405297,32729523,,8059,21827937,615154,49672,15525
232,54.0291,53.0559,8800186,40195027,,27328,15463857,414814,36206,15221
233,35.217,49.606,9506036,31636480,,7854,22043182,635618,51145,15436
234,34.603,48.928,9743230,30292892,,8126,24368941,728035,48374,2084
235,34.572,48.2,9028895,31885742,,8132,21401731,633164,54632,15705
236,34.5881,49.313,9583633,30428520,,7930,24560982,739399,52656,1402
237,34.605,47.2891,10021786,30109983,,8214,25955821,763109,46857,1198
238,65.644,46.0789,9141664,39886105,,40745,15344891,456212,33800,16242
239,34.5911,46.1902,8730594,32191421,,7826,20891734,620664,53349,14914
240,34.666,46.0562,9392210,31704054,,8119,21924505,639504,55916,16534
241,73.0139,76.4419,12157989,42219301,,78072,19853304,346498,21758,12382
242,36.217,76.637,9821294,33181806,,8503,25163519,749740,47073,1727
243,35.334,48.812,9629572,31551448,,8004,25089081,728445,52320,1387
244,75.4961,49.844,12870264,41227176,,77292,20421509,410763,30759,13590
245,34.7488,45.8701,10143406,30670690,,10044,26001595,754884,49674,1376
246,35.002,45.407,9938499,30966262,,7966,25981825,774967,54112,1524
247,34.9419,45.9011,10988287,30881768,,8025,27366417,746265,51577,1803
248,35.1619,47.6541,10280281,30985481,,8089,23375928,680792,54832,4940
249,34.8081,49.3081,10122635,31090162,,8216,23805097,699083,54225,4032
250,56.9189,46.793,10641543,41606250,,50538,14585188,463195,30931,16503
251,34.9238,69.7759,10006798,30890378,,7851,24079257,711641,51609,2947
252,34.8579,48.6592,10425832,30864619,,8176,26363600,756966,46419,1480
253,72.981,47.408,9933090,42278831,,44224,15155043,442913,38058,19451
254,34.9839,42.9812,9606860,31917042,,7996,22142223,648757,50700,16506
255,34.947,46.2241,10106009,30828610,,8517,26087483,771907,49067,1809
256,34.8459,44.7681,9455194,30687350,,8166,25282799,763720,47492,1371
257,34.8872,47.7781,8515776,33604147,,7805,20059408,603174,53377,15079
258,34.5181,45.2222,10620800,30010590,,8005,26548658,753021,48401,1548
259,34.781,45.312,8914853,33479772,,8286,20974881,602062,51907,15478
260,34.531,45.8782,9475858,31616933,,7871,22050124,664909,50838,17293
261,34.5969,46.364,9119375,31885680,,8402,21526464,632023,52765,16633
262,61.283,48.26,9431267,39852859,,43258,15226114,467082,34913,17130
263,34.5249,48.4629,10083719,29698081,,7985,23315454,682083,48536,4315
264,34.865,49.6909,9803212,31289234,,8253,25014720,729440,51077,1352
265,34.7041,49.8252,10188655,30450485,,8169,23509572,680642,50104,3987
266,34.6111,49.061,9469879,30152670,,8407,24744979,758063,49209,1699
267,34.7949,46.7671,9560579,31456724,,8359,22282684,657884,52912,14828
268,68.5029,74.3792,12828638,41416357,,80218,20426179,413140,31091,12284
269,34.7529,48.998,9783982,30338769,,8068,24913967,718456,51254,1340
270,34.5229,47.5181,10050935,29714085,,7983,23292012,679080,48183,4127
271,57.814,49.4551,9286715,40827736,,44603,14491464,456562,44471,17175
272,34.4812,45.6509,8735797,31820621,,8078,20860617,620770,51167,16365
273,34.8831,46.5269,9097657,32340169,,8388,21316810,620419,49128,15686
274,57.199,46.3179,9062873,40549488,,26332,15464952,395584,39031,16560
275,34.6711,46.3169,8601595,32792772,,7948,20222685,600569,49196,15957
276,34.6531,48.3721,10056989,30059452,,8317,23969324,691000,56060,2910
277,70.188,48.2751,10066520,41920852,,43780,15089861,421422,33741,17225
278,35.0139,48.575,9895241,31983706,,7969,22670833,662070,60008,12893
279,34.929,48.8179,9583981,30348739,,8117,24564884,724538,47021,1506
280,34.762,48.8071,9544182,30622253,,7974,24792242,738816,54764,1618
281,35.1179,74.3582,9515132,31752424,,7917,24937442,740376,47245,1757
282,34.887,47.2241,8892901,32943635,,8286,20541224,602694,49056,14857
283,70.676,45.575,12906780,41239364,,78660,20344987,399106,28411,12114
284,34.9678,45.646,10620210,30827117,,8313,26537640,766875,48953,1570
285,34.7542,44.947,10061026,30899806,,8281,24020910,702336,54789,2767
286,55.543,47.4978,9097879,41030688,,45850,14874637,467249,44243,16349
287,34.6821,47.6289,9450212,31618541,,8089,21765682,633091,51910,14875
288,34.885,46.769,9658139,32132788,,8219,22708189,618547,49628,15170
289,34.8892,48.1108,9505932,32860307,,8282,22035943,615524,56399,16376
290,34.54,47.312,9420361,30022200,,7907,24830300,762108,47002,1363
291,34.7109,49.95,9423823,30317635,,8528,25086581,753355,48194,1373
292,57.3171,47.0251,8984718,40024603,,14629,15671126,420172,47030,16927
293,34.823,47.9961,9482405,32142455,,7887,21794135,634998,52966,15978
294,34.572,49.2161,10128528,30023902,,8224,23320105,684442,48643,4651
295,58.438,47.48,9096942,40612034,,43597,14759220,456854,45441,16769
296,34.7019,48.2781,9581741,31491705,,7865,22187187,645885,50716,14962
297,34.7041,48.1748,9726441,30587054,,8016,25792245,773280,50146,1500
298,34.5769,47.564,9892732,30187162,,8168,24102536,719827,47397,2528
299,34.6511,44.853,10550395,29962429,,7825,26504664,753571,46833,1406
300,34.636,48.0361,9408822,30058252,,8248,25080329,769912,51356,1434
301,34.5991,49.8682,9342411,30336792,,8424,25298045,781940,46195,1214
302,34.5798,49.9761,9004656,31803436,,8204,21230008,624744,50790,15446
303,34.9521,48.583,9740541,30941859,,7989,25125048,727860,53094,1357
304,69.2271,49.0391,12663719,41597681,,77301,20341054,391826,32026,12755
305,35.498,74.4211,10199689,32601982,,8221,23466163,694123,50260,4851
306,34.8928,49.374,9400275,30867884,,8611,25351939,779603,47588,1153
307,58.905,67.6921,9298858,40822734,,45794,14641128,471221,43334,16204
308,34.709,47.1699,9418988,30509243,,8680,25051801,761706,52359,1505
309,34.512,47.293,9421378,30084859,,8402,24932574,761740,51203,1492
310,34.9819,49.0168,9930324,31426392,,8236,24899052,722431,52232,1278
311,34.5352,48.0469,8878392,31966706,,8239,21084407,625441,51082,15257
312,35.0159,48.1931,11007209,31696029,,8210,27115370,747804,49325,1348
313,55.6292,47.5139,8860605,40034034,,25165,15476815,402456,40106,15450
314,34.5259,47.696,9045851,31781095,,8147,21385161,637834,50407,16186
315,34.3911,46.9841,9186290,31441885,,8088,21657555,638705,49205,14672
316,56.5591,48.5,8811416,40443715,,26025,15510657,408656,44557,16520
317,34.8342,48.0652,9725442,32100074,,8158,22579536,631022,49371,15230
318,34.6741,48.1799,10417855,30511873,,7940,26159375,755744,46423,1337
319,57.3308,47.5649,8878894,40216587,,25785,15480678,413192,42739,16001
320,34.6079,48.8621,9416688,29967823,,8201,24979026,755707,48856,1492
321,34.6851,47.416,9409990,30553588,,8014,25067084,769932,55684,1507
322,62.1421,48.876,10041778,42142866,,43308,15184983,411814,34423,17128
323,34.884,47.929,9615584,31352331,,8288,22112758,657561,49292,16723
324,35.2241,76.5,9497446,30877712,,8313,25341258,764932,48714,1698
325,67.0132,47.0369,12230968,42098083,,78710,20275877,358231,30987,12762
326,34.907,75.772,9528735,31004140,,8040,25932534,765536,49989,1625
327,34.6382,49.6641,10110075,30228063,,8219,26058482,755238,45538,1546
328,76.916,49.947,12589529,41526417,,78909,20469636,387316,33179,13473
329,36.053,76.0649,10526796,32904704,,8104,22553014,629280,53732,13462
330,34.7019,48.6719,9423440,30391065,,8316,25043505,753290,49189,1493
331,62.2419,49.1289,9209204,40881811,,45868,14633893,450378,45202,17114
332,35.1309,49.6379,9879316,31470527,,8305,24194430,731903,48251,2037
333,34.667,48.4629,10237092,30186079,,10716,26134838,780976,51205,1407
334,34.5781,47.626,9379909,31642970,,8265,22296283,643717,48892,16976
335,35.0129,76.4761,9748685,31751808,,8172,22289358,648321,51880,15151
336,34.7959,48.989,9947301,30966314,,8055,24277470,731926,50864,2449
337,75.115,44.7729,12797606,41304140,,79008,20490427,422014,27016,12114
338,35.4751,48.8088,9967858,33531814,,8048,25500775,702858,53740,1425
339,34.7041,50.093,9409280,30223818,,7888,25078638,769054,48024,1796
340,57.1799,48.947,9297461,41720010,,30196,15501949,399906,41298,15370
341,35.0388,48.9321,9565942,31228764,,8323,25225198,722577,48911,1569
342,34.7212,49.5591,9517429,30875594,,8005,25191163,770648,50399,1332
343,56.7949,49.1111,8992598,40889271,,27610,15479954,403818,40352,16184
344,34.625,48.71,9996007,30363674,,8436,26039063,764477,52960,1287
345,34.896,49.616,9880970,31264404,,9968,25764457,756867,46724,1372
346,68.3491,47.4128,9415572,40692077,,44008,15214905,456047,34619,16816
347,35.095,47.7629,10102472,31744426,,8125,25092016,692389,49302,2183
348,34.458,47.8091,9820725,30528924,,8280,22626331,660866,50657,13129
349,34.635,47.842,9425096,30412970,,7945,24953874,764259,53946,1624
350,34.73,47.7061,10112660,30722955,,8032,23925478,691517,52741,2586
351,34.5261,49.168,9921443,29945169,,8344,25899890,759162,48965,1381
352,75.7681,47.6711,12846471,41412270,,78740,20354797,400536,31301,12571
353,35.55,74.2542,9850744,32443048,,7927,21888905,624364,53156,15692
354,35.4551,48.8669,9733902,32631330,,7914,21796685,618072,49638,14771
355,54.6121,47.562,8862828,40174319,,27783,15443896,411706,38430,16546
356,34.6509,48.77,9323602,30462972,,8117,25443438,775835,50079,1314
357,35.447,50.0071,10296996,31134914,,8414,22799628,644320,56784,8913
358,60.8062,48.8501,10016613,42304963,,43916,14944780,419232,34941,16729
359,34.8259,49.9331,9455146,31132027,,8344,25641215,752226,49462,1560
360,34.5791,47.2771,8728400,32252861,,8388,20635120,618844,52215,16556
361,34.5352,48.676,9182062,30026661,,8014,25183988,773088,47725,1382
362,34.5132,49.2439,9338193,30087073,,8157,25386884,761699,50175,1557
363,34.4841,49.2021,9986092,30153755,,8390,22959127,668816,52193,8575
364,74.8169,49.3201,12149462,42085493,,78309,19651418,340024,22881,13148
365,35.7529,77.2881,9648293,33150997,,8249,25481824,787652,50275,1363
366,34.73,47.8052,10024017,30607039,,12034,22922453,670870,51268,10385
367,73.5381,48.3489,12965438,41137754,,80471,20570409,432578,28827,13224
368,35.509,49.8269,8844486,34901074,,6827,19838982,577948,58197,16354
369,34.5811,46.7358,8805730,32097973,,8190,20843860,622311,48038,15709
370,56.8411,48.1809,9425823,42038947,,36362,15383118,429427,39680,17855
371,35.2109,76.105,9956245,32075697,,7954,26771257,770917,47298,1348
372,34.696,48.949,9444289,30477395,,12025,24997801,755225,47469,1384
373,73.1428,50.2839,9560253,40791715,,44559,14968755,460532,33284,16180
374,34.676,47.1179,9946316,30424512,,7916,24088942,722680,51692,2697
375,34.5928,49.46,10074905,30201681,,8085,26129184,758676,47193,1354
376,34.6921,47.6492,9677431,31000300,,8236,22260615,652133,50452,15348
377,34.561,48.908,9373025,29950825,,8307,25116524,759186,48341,1285
378,34.5911,47.5449,9775336,30230538,,8148,24323046,720277,57867,1865
379,57.4211,49.0681,9337074,41921578,,33645,15418633,429147,38451,17958
380,35.188,77.416,9218057,32832648,,8218,21207813,617775,55147,16043
381,34.7529,75.543,9514345,30212131,,8328,25504571,762686,45224,1459
382,68.582,49.9258,12769619,41379601,,79072,20374748,391125,30866,11922
383,34.813,46.2148,9489307,31861661,,7765,21825996,632562,56646,15348
384,35.3979,76.123,9411350,31489686,,7944,25037617,768926,51361,1424
385,76.8501,49.437,12670552,41342905,,78136,20478171,396334,32419,13478
386,34.8,47.6548,10140735,30239467,,7999,23606526,689648,47691,3776
387,34.8569,48.5769,10223798,30618222,,8236,23295464,677246,50064,4435
388,69.1331,49.3149,13339663,41386449,,79211,21124980,433035,29044,11517
389,34.875,48.7019,10023894,30711026,,8207,24055883,700621,51563,3324
390,35.1421,61.3359,10325674,32420775,,7816,24953850,664003,48349,3460
391,79.7209,47.4268,12780069,41240988,,78591,20487859,398583,31621,12837
392,35.0161,47.4231,9997115,31574719,,8317,24741901,704628,54531,1916
393,35.281,49.085,9809717,30839499,,8260,24418313,721093,51189,1674
394,77.0669,49.146,12632344,41451678,,77956,20518553,407035,30546,12183
395,35.114,76.1702,9766299,32143557,,8310,22228014,625675,49187,16163
396,35.0598,45.009,9903754,31793391,,7870,22271749,620391,56637,14808
397,56.147,48.959,7201608,39040885,,30639,15426075,427369,40006,15961
398,34.7378,48.749,9538121,30620772,,8110,24648375,728910,52631,1575
399,35.2781,49.8572,9821188,32690937,,8219,26508397,729033,50426,1427
400,57.123,49.0532,8054171,39823166,,38698,15358082,433644,50136,16514
